title,category,city,postal,state,address,phone,website,rating,reviews,claimed,categories,placeId,lat,lng,imagesCount,_reason
Explosive Fitness,Gym,"Mainmajra, Panchkula",160101,Chandigarh,"Backside Entry, Nac Market, SCO 832, NAC Manimajra, Sector 13, Mainmajra, Panchkula, Chandigarh 160101, India",+91 96463 88770,https://www.explosivefitness.in/,5,63,False,"['Gym', ""Children's club"", 'Adaptive sports center', 'Physical fitness program', 'Physical therapy clinic', 'Wellness center', 'Yoga studio']",ChIJDdTe7QmTDzkR-ftWNnbC-TU,30.7097972,76.8419889,41,primary_cat
Bajrang Fitness(GYM),Fitness center,Chandigarh,160101,Chandigarh,"near UCO bank, Pipliwala Town, Adarsh Nagar, Sector 13, Chandigarh, 160101, India",+91 84377 16275,,5,57,False,['Fitness center'],ChIJoX-wVIeTDzkRsK54-C6prL0,30.7200933,76.8329135,29,primary_cat
Perfect Bodies Gym & Fitness Centre,Gym,Chandigarh,160101,Chandigarh,"#1007, Tedi Gali, near kalighata jewellers morigate, Sector 13, Chandigarh, 160101, India",+91 97797 51210,,4.7,79,True,['Gym'],ChIJHZP3OzCTDzkRPJ5BOSf8ooM,30.7138845,76.8357266,6,primary_cat
Iconic Fitness NAC Chandigarh,Gym,Chandigarh,160101,Chandigarh,"SCO 817, NAC Rd, NAC Manimajra, SECTOR 13, Sector 13, Chandigarh, 160101, India",+91 75288 81888,,5,45,False,['Gym'],ChIJ5_QBNUqTDzkRKbmwxuSt6w0,30.710148,76.8426657,21,primary_cat
DAVIS FITNESS CLUB,Personal trainer,Chandigarh,160001,Chandigarh,"Sukhna Lake, CHANDIGARH GOLF CLUB, near Budha Chowk, Sector 6, Chandigarh, 160001, India",+91 97804 93641,https://davisfitnessclub.wordpress.com/,5,61,False,"['Personal trainer', 'Fitness center', 'Gym', 'Obstetrician-gynecologist', 'Gynecologist', 'Physical fitness program', 'Weight loss service', ""Women's personal trainer""]",ChIJE_dewb_tDzkR9BfLRzU_fH0,30.7336713,76.8187557,2,primary_cat
Health and Fitness Club,Fitness center,Chandigarh,160101,Chandigarh,"Mani Majra Rd, Mariwala Town, Adarsh Nagar, Sector 13, Chandigarh, 160101, India",,,5,5,False,['Fitness center'],ChIJiUc-6vGTDzkRPXjAiDQFPh4,30.7197831,76.8297369,24,primary_cat
Gymaholic Wellness Studio,Fitness center,Chandigarh,160101,Chandigarh,"Mariwala Town, Shanti Nagar, Sector 13, Chandigarh, 160101, India",+91 99889 45428,,4.8,620,False,"['Fitness center', 'Aerobics instructor', 'Gym']",ChIJT4KpxC6TDzkRpxEs_hg0D_U,30.7187108,76.8338138,150,primary_cat
The Quads Fitness Gym,Fitness center,Chandigarh,160101,Chandigarh,"Ist Floor, Chowk, 57 , 58 C, near by Shivalik Garden, Subhash Nagar, Sector 13, Chandigarh, 160101, India",+91 75088 64945,https://thequadsfitness.com/,4.4,22,False,"['Fitness center', 'Gym']",ChIJzytdQHaTDzkRZzcPhJabRxc,30.7203645,76.8381967,23,primary_cat
T-ZONE GYM,Fitness center,Chandigarh,160101,Chandigarh,"Vill, near cga, Kishangarh, Chandigarh, 160101, India",,,4.8,30,False,['Fitness center'],ChIJbQaFAYDtDzkRjg8gP0S1gag,30.7340076,76.825328,22,primary_cat
Body Fitness Gym for Ladies and Gents,Gym,Panchkula,160101,Chandigarh,"PRCJ+2X2, Pipliwala Town, Adarsh Nagar, Sector 13, Panchkula, Chandigarh 160101, India",,,4.3,61,True,['Gym'],ChIJ74rEUSmTDzkR71M1wj0ehmk,30.7200182,76.8323976,2,primary_cat
Body Reshape Gym,Fitness center,"Kansal, Chandigarh",160103,Punjab,"Sukhna Enclave, to, Kansal Rd, behind Rock Garden, near Chandigarh Apartments, Kaimbwala, Kansal, Chandigarh, Punjab 160103, India",+91 76961 46832,,5,30,False,['Fitness center'],ChIJN-ZuR_7tDzkRwEYsY2Hmg_g,30.7555243,76.8130484,31,primary_cat
Overheat Athletes,Fitness center,Chandigarh,160001,Chandigarh,"Kartar Aasra Road, near Gur Sagar Gurudwara, Rock Garden of Chandigarh, Sector 1, Chandigarh, 160001, India",,https://www.instagram.com/overheatathletes?igsh=NzJ6ZTg3MXZ0OW8z&utm_source=qr,5,18,False,['Fitness center'],ChIJn5z-kHjtDzkRLovw0DOrPNc,30.7496358,76.8128927,22,primary_cat
Lake Club,Club,Chandigarh,160001,Chandigarh,"PRW5+CVV, Uttar Marg, Near Sukhna Lake, Sector 1, Chandigarh, 160001, India",+91 172 274 0624,,4.2,866,True,"['Club', 'Gym']",ChIJM-BhWkftDzkRjnRRlAJvngo,30.746122,76.8096686,1368,secondary_cat
Grewal fitness club,Gym,Chandigarh,160101,Chandigarh,"606, gate wali gali, Kishangarh, Chandigarh, 160101, India",+91 84273 80204,,5,1,False,['Gym'],ChIJg3YhyK3tDzkRrU4lPPXMHLc,30.7223269,76.8212084,14,primary_cat
RK Fitness,Gym,Chandigarh,160019,Chandigarh,"New Timber Market, Plot no. 35, Timber Market, Sector 26, Chandigarh, 160019, India",+91 98146 67274,https://rkfitnessgyms.vercel.app/,4.5,24,False,['Gym'],ChIJUWHLtAbtDzkRVUct9mddD7Q,30.7199856,76.8141206,23,primary_cat
Cult,Fitness center,Chandigarh,160018,Chandigarh,"Madhya Marg, Sector 8C, Sector 8, Chandigarh, 160018, India",,,4.6,167,False,['Fitness center'],ChIJp1rc4vPtDzkRpUZOLx5HAu0,30.7391754,76.7927728,149,primary_cat
Octane Gym Sector 19,Fitness center,Chandigarh,160019,Chandigarh,"Sco 21 - 22, 19D, Sector 19, Chandigarh, 160019, India",+91 99159 86119,,4.8,538,False,"['Fitness center', 'Gym']",ChIJrd3zAPPtDzkR6FDIbm8h2t8,30.730012,76.7909707,54,primary_cat
Shiv - The Personal Fitness Trainer,Fitness center,Chandigarh,160018,Chandigarh,"Sector 18-C, Sector 18, Chandigarh, 160018, India",+91 99889 53079,,4.9,171,False,['Fitness center'],ChIJD3ca6ZXtDzkR1mvEqpqb98w,30.7316381,76.7892774,401,primary_cat
Black Pavo,Fitness center,Chandigarh,160008,Chandigarh,"First Floor, SCO 28-29, Madhya Marg, Sector 8C, Sector 8, Chandigarh, 160008, India",,,5,78,False,"['Fitness center', 'Aerobics instructor', 'Dance instructor', 'Dance school', 'Gym', 'Physical fitness program', 'Pilates studio', 'Weight loss service', 'Yoga studio']",ChIJ8fExPwTtDzkRIdHqBYnpUa4,30.7359221,76.7961374,32,primary_cat
F3 Fight For Fitness,Fitness center,Chandigarh,160030,Chandigarh,"Sco 75, Block B, CSIO Colony, Sector 30-C, Sector 30, Chandigarh, 160030, India",,,4.6,14,False,"['Fitness center', 'Spa and health club']",ChIJFUB-4iLtDzkR8IKgvrsCQhY,30.7149953,76.7877667,6,primary_cat
The Lift Well Club,Personal trainer,Chandigarh,160009,Chandigarh,"SCO 48, 9D, Sector 9, Chandigarh, 160009, India",+91 96543 46954,,5,74,False,['Personal trainer'],ChIJlye2YQjtDzkRy51_wEDHw_o,30.7446952,76.7887618,27,primary_cat
The Walk Gym Sector 7,Fitness center,Chandigarh,160019,Chandigarh,"Second Floor, SCO 20, Sector 7-C, Sector 7, Chandigarh, 160019, India",+91 73800 29915,,5,65,False,"['Fitness center', 'Gym']",ChIJmQC4DHDtDzkRADfIIExDqdA,30.7313948,76.7996538,24,primary_cat
"Pro Ultimate Gyms - Sector 7-C, Chandigarh",Gym,Chandigarh,160019,Chandigarh,"SCO 43, Floor, 1-2, Sector 7-C, Sector 7, Chandigarh, 160019, India",+91 86869 00043,https://www.proultimategyms.in/,4.9,422,False,['Gym'],ChIJr_IL_FvtDzkRdj9kw1s9OFY,30.7296144,76.8013364,85,primary_cat
Burn Gym,Gym,Chandigarh,160009,Chandigarh,"1st & 2nd Floor, SCO 62, 65, Madhya Marg, Sector 8C, Chandigarh, 160009, India",+91 98787 79672,https://www.burngym.com/,4.6,1084,False,['Gym'],ChIJBQFHNxLtDzkRkw-vp_pfZH8,30.7390923,76.7936931,213,primary_cat
Solus Fitness Studio,Fitness center,Chandigarh,160030,Chandigarh,"Top Floor, SCF 75, Block B, CSIO Colony, Sector 30-C, Sector 30, Chandigarh, 160030, India",+91 90560 54029,https://www.instagram.com/solusfitnessstudio?igsh=MTdleTdpY2Vpb210cg==,5,18,False,"['Fitness center', 'Bikram yoga studio', 'Martial arts club', 'Martial arts school', 'Muay Thai boxing gym', 'Self defense school', 'Weight loss service', 'Yoga instructor', 'Yoga retreat center', 'Yoga studio']",ChIJzetzpkPtDzkRY6-fJXigWGo,30.7150077,76.7877659,17,primary_cat
Octane Fitness 27,Gym,Chandigarh,160019,Chandigarh,"SCO 9, 1st and 2nd Floor, Sector 27D, Sector 27, Chandigarh, 160019, India",+91 78140 24089,,4.8,269,False,['Gym'],ChIJGVdH1LHtDzkR3rKRs6TUo18,30.7235501,76.797169,38,primary_cat
UR Fitness Personalised,Fitness center,Chandigarh,160019,Chandigarh,"SCO 3-A Top floor, Madhya Marg, Sector 7-C, Sector 7, Chandigarh, 160019, India",+91 98727 03007,https://urfitnesspersonalised.com/,4.9,36,False,['Fitness center'],ChIJ74c5x8PtDzkRDG91a9WisX8,30.7341432,76.7968613,21,primary_cat
"Wellness Zone, High Voltage Training Center",Gym,Chandigarh,160101,Chandigarh,"MWT, Mariwala Town, Shanti Nagar, Sector 13, Chandigarh, 160101, India",+91 95011 13017,,4.8,10,True,['Gym'],ChIJv6Lkrx2TDzkR9fXbCr3j744,30.7192038,76.8299287,31,primary_cat
Octane fitness,Fitness center,Chandigarh,160019,Chandigarh,"S.C.O 28 1st & 2nd Floor, above hdfc bank, Sector 26, Chandigarh, 160019, India",+91 98789 76138,,4.8,176,False,['Fitness center'],ChIJD8N4saztDzkR7NjaZNqQAQ4,30.7269963,76.8039986,46,primary_cat
BodyZone Fitness & Spa,Fitness center,Chandigarh,160009,Chandigarh,"S.C.O. 180-187, Second Floor, Madhya Marg, Sector 9 C, Chandigarh, 160009, India",+91 172 507 7770,https://www.bodyzonegym.in/,4.6,756,False,"['Fitness center', 'Aerobics instructor', 'Gym', 'Personal trainer', 'Salsa classes', 'Sauna', 'Yoga retreat center', 'Yoga studio']",ChIJc6Zaew3tDzkR5cWEH4tDWOE,30.7413211,76.7908863,943,primary_cat
Cult Gym Sector 26,Fitness center,Chandigarh,160019,Chandigarh,"1st and 2nd floor, SCO NO. 2, Sector 26, Chandigarh, 160019, India",+91 98155 52878,"https://www.cult.fit/cult/center/sector%2026,%20chandigarh/Cult-Sector-26-Chandigarh/1321?utm_source=gmb&utm_medium=organic",4.7,200,False,"['Fitness center', 'Boxing club', 'Boxing gym', 'Gym', 'Personal trainer', 'Physical fitness program', 'Training center', 'Weight loss service', 'Yoga instructor', 'Yoga studio']",ChIJvRkS-zntDzkRJzssJl5cZSY,30.7288036,76.8022392,128,primary_cat
"Senior Club, Ordnance Factory",Gym,Chandigarh,160030,Chandigarh,"Ordnance Cable Factory Colony, Sector 29 B, 29, 136, Chandi Path, Ordnance Cable Factory Colony, Sector D, Sector 29, Chandigarh, 160030, India",,,3.9,50,True,['Gym'],ChIJR8Kw4eTsDzkR4eyWhAUjGPM,30.7127906,76.793016,9,primary_cat
Bon Sante - Established 1989,Gym,Chandigarh,160017,Chandigarh,"SCO 62-63, Sector 17A, 17A, Sector 17, Chandigarh, 160017, India",+91 99886 64822,https://youtube.com/channel/UCGmSBCWIasZtNlPPhHGN3iA,4.8,175,False,['Gym'],ChIJlTgtNHPtDzkRTz2NAWxrr44,30.7434356,76.7872131,21,primary_cat
Hard Work Gym,Fitness center,Chandigarh,160101,Chandigarh,"Shop No. 1059/14 , Second Floor Govindpua, beside Punjab Dairy, Sector 13, Chandigarh, 160101, India",,,5,4,False,['Fitness center'],ChIJcc6rBpWTDzkRRF3-0dzs8lk,30.7128757,76.8353422,3,primary_cat
Revive Pilates and Yoga Studio,Fitness center,Chandigarh,160008,Chandigarh,"SCO 150, Sector 8C, Sector 7, Chandigarh, 160008, India",+91 98152 22699,https://instagram.com/revivestudiochd,5,58,False,['Fitness center'],ChIJUzOsPAjtDzkRjL5rrctxu2c,30.7315759,76.7995693,25,primary_cat
Cageworld Fitness Academy,Fitness center,Chandigarh,160019,Chandigarh,"Sco - 3, 2nd Floor, near Gopal Sweets, Block C, Sector 27, Chandigarh, 160019, India",+91 98783 32341,,5,311,False,"['Fitness center', 'Boxing club', 'Freestyle wrestling', 'Kickboxing school', 'Martial arts club', 'Taekwondo school', 'Yoga studio']",ChIJT8vLCvHtDzkRrpsnppvUU0g,30.7202321,76.8009586,354,primary_cat
ASSA Fitness Academy,Fitness center,Chandigarh,160019,Chandigarh,"SCO 25, 2nd Floor, 19D, Chandigarh, 160019, India",+91 74048 86741,,4.9,92,False,"['Fitness center', 'Charter school']",ChIJsSN-QeXtDzkR_Q-NrZ-S1ME,30.729912,76.7909764,298,primary_cat
Sports Complex,Sports complex,Chandigarh,160019,Chandigarh,"Sector 7B, Sector 7, Chandigarh, 160019, India",,,4.4,46,False,['Sports complex'],ChIJqbux8vHtDzkRkDt1ot5vnHA,30.7350314,76.8041107,129,primary_cat
YoKalp (Pilates & Yoga Studio),Yoga studio,Chandigarh,160019,Chandigarh,"1st floor, SCO-2, Madhya Marg, near Nik Baker, Sector 7-C, Sector 7, Chandigarh, 160019, India",+91 96468 90700,https://yokalp.com/,5,202,False,"['Yoga studio', 'Pilates studio']",ChIJgYG3BGHtDzkRhA8pmsIQ0hc,30.7340504,76.7971421,70,primary_cat
Sagar Diwan Athletic Training Centre,Fitness center,Chandigarh,160001,Chandigarh,"Golf Association, Sector 6, Chandigarh, 160001, India",,,4.5,6,False,['Fitness center'],ChIJkfdGLwLtDzkRhlAEts4Olq0,30.7350025,76.8242893,23,primary_cat
Pro Yokalp,Pilates studio,Chandigarh,160009,Chandigarh,"2nd Floor, SCO: 4-5, Madhya Marg, 9D, Sector 9, Chandigarh, 160009, India",+91 81464 00026,https://www.yokalp.com/,4.9,34,False,['Pilates studio'],ChIJc6O0yl_tDzkRfTU4pekCuPU,30.7458708,76.7875253,107,primary_cat
Best personal trainer Chandigarh - Lake Trainer,Personal trainer,Chandigarh,160002,Chandigarh,"2211, Sector 28 C, Sector 28, Chandigarh, 160002, India",+91 98766 83026,https://youtube.com/@laketrainer5468,5,49,False,"['Personal trainer', 'Fitness center']",ChIJH6G1N2TtDzkRKH2t0XHO5YQ,30.7143026,76.8042115,2,primary_cat
Yogic fitness,Yoga studio,"Kansal, Sahibzada Ajit Singh Nagar",160103,Punjab,"QR59+33P, Kansal, Sahibzada Ajit Singh Nagar, Punjab 160103, India",+91 83600 19832,,5,5,True,['Yoga studio'],ChIJRd-JQU3tDzkR4GR5ysIkOls,30.7577052,76.8177077,2,primary_cat
Country Club,Fitness center,Chandigarh,160009,Chandigarh,"SCO No. 44 & 45 2nd Floor, Sector 9D, Madhya Marg, above Punjab National Bank, Chandigarh, 160009, India",+91 172 417 2046,https://www.countryclubindia.net/,3,107,True,"['Fitness center', 'Club']",ChIJbwWy33LtDzkR4Zef_2Y6ZLY,30.7446283,76.7884705,2,primary_cat
Modicare Lifestyle Center,Gym,Chandigarh,,Chandigarh,"Block B, CSIO Colony, Sector 30-C, Sector 30, Chandigarh, 160030, India",,,5,12,True,['Gym'],ChIJVUIOh_vsDzkRNodHON09p2I,30.7148611,76.7879678,10,primary_cat
Padel Haus,Fitness center,Chandigarh,160101,Chandigarh,"IT Park Rd, Kishangarh, Chandigarh, 160101, India",+91 98882 57781,http://hudle.in/,5,11,False,['Fitness center'],ChIJIx5nVh7tDzkRXLWefosPhmQ,30.7267585,76.8257957,10,primary_cat
Mera Qi,Yoga studio,Chandigarh,160018,Chandigarh,"544 sector 18-b 2nd Gate, Chandigarh 160018, India",+91 98772 66362,,5,63,False,"['Yoga studio', 'Coworking space', 'Painting studio']",ChIJ9YhxPvbtDzkRQDAF2T1WxjE,30.7357887,76.7928008,86,primary_cat
Yogastu Wellness,Yoga studio,Chandigarh,160009,Chandigarh,"9D, Sector 9, Chandigarh, 160009, India",+91 97292 09066,http://buildwithyogi.com/,5,21,False,"['Yoga studio', 'Fitness center', 'Home health care service', 'Meditation center', 'Meditation instructor', 'Mental health service', 'Naturopathic practitioner', 'Pain control clinic', 'Personal trainer', 'Yoga instructor']",ChIJLV1zR3TtDzkR84Jw2lRFp1Q,30.7469547,76.7936132,30,primary_cat
Amaira Spa & Health Club - Hyatt Regency,Spa and health club,Chandigarh,160002,Chandigarh,"Hyatt Regency Chandigarh, First Floor, Chandigarh, 160002, India",+91 172 440 1290,https://www.hyatt.com/en-US/hotel/india/hyatt-regency-chandigarh/ixchr/area-attractions?src=gplaces_amairaspa,4.2,22,False,['Spa and health club'],ChIJ35jsLursDzkRLJkMKpCBpBM,30.70451,76.800466,20,primary_cat
SUBZERO FITNESS,Gym,Chandigarh,160009,Chandigarh,"SCO 9-10, 11-12-13, Madhya Marg, 9D, Sector 9, Chandigarh, 160009, India",+91 172 468 1900,,4.5,153,False,['Gym'],ChIJA-gAiBHtDzkRHFKZsIUz4jk,30.7454437,76.7872403,18,primary_cat
Friends Gym,Gym,Chandigarh,160101,Chandigarh,"2306/3, Mariwala Town, Shanti Nagar, Sector 13, Chandigarh, 160101, India",+91 98155 52728,https://www.instagram.com/gymfriendsclub/,4.9,9,False,['Gym'],ChIJs3NLmEmTDzkRKD7SqKPt9e4,30.7188979,76.8283708,32,primary_cat
AVG Healthcare ( HEALTH VITALS PVT. LTD ),Wellness center,Chandigarh,160101,Chandigarh,"Ist Floor, AVG Healthcare ( HEALTH VITALS PVT. LTD, SCO 866, NAC Rd, MM, Sector 13, Chandigarh, 160101, India",+91 95011 06343,https://www.avghealthcare.com/,4.9,39,False,['Wellness center'],ChIJK2aCQC7Yio8RYXWaofHwwro,30.7079495,76.8383292,13,primary_cat
The Reset Space,Wellness center,Chandigarh,160009,Chandigarh,"1081, Sector 8C, Sector 8, Chandigarh, 160009, India",+91 98771 13277,http://theresetspace.in/,5,6,False,['Wellness center'],ChIJIfd2eVHtDzkRrIHG1M6A3ds,30.7389399,76.7946696,5,primary_cat
Parshada House,Bed & breakfast,Chandigarh,160101,Chandigarh,"New Modern Housing Complex, House Number 5693, Sector 13, Chandigarh, 160101, India",+91 98789 16170,https://www.instagram.com/parshada_house,4.8,117,False,"['Bed & breakfast', 'Yoga studio']",ChIJiS5syuDtDzkRhZHYNHtfhv0,30.7153172,76.8281222,205,secondary_cat
Yogoda Satsanga Dhyana Kendra - Chandigarh,Meditation center,Chandigarh,160002,Chandigarh,"Near, Gurjar Bhawan Rd, Sector 28 D, Sector 28, Chandigarh, 160002, India",+91 94631 24539,https://chandigarh.ysskendra.org/,4.8,90,False,"['Meditation center', 'Ashram', 'Yoga studio']",ChIJlaoV2ubsDzkR74QAfSsDgWE,30.7154347,76.7995858,45,secondary_cat
Shiv Yoga Health Chandigarh,Yoga instructor,Chandigarh,160019,Chandigarh,"House 155, 27A, sector 27a, Chandigarh, 160019, India",+91 70156 39610,,5,21,False,"['Yoga instructor', 'Yoga studio']",ChIJ1V2dgcrtDzkRVzo6cB20WkE,30.7251463,76.7978758,85,primary_cat
Meenakshi Sud,Yoga studio,Chandigarh,160009,Chandigarh,"House No. 73, 9A, Sector 9, Chandigarh, 160009, India",+91 99885 06282,,5,6,True,['Yoga studio'],ChIJSVS5TmntDzkR_Mam3p-Jsj4,30.7508102,76.7975639,1,primary_cat
Aliine By Ageology,Wellness center,Chandigarh,160009,Chandigarh,"Second Floor, SCO - 24-25, Madhya Marg, 9D, Sector 9, Chandigarh, 160009, India",+91 99151 76220,https://www.aliine.in/?utm_source=local&utm_medium=gbp&utm_campaign=aliine,5,2,False,"['Wellness center', 'Body shaping class', 'Facial spa', 'Medical spa', 'Pilates studio', 'Skin care clinic', 'Weight loss service', 'Yoga studio']",ChIJ_fAaoxDtDzkRyGdCON8PguY,30.7451257,76.7877063,18,primary_cat
Yoga Prana Studio,Yoga studio,Chandigarh,160009,Chandigarh,"Sector 8A, Sector 8, Chandigarh, 160009, India",,,5,2,False,['Yoga studio'],ChIJhW_jPgDtDzkRjsVSNdWZcPo,30.7412574,76.8033137,78,primary_cat
Photon physio clinic,Fitness center,Chandigarh,160101,Chandigarh,"opposite main market, Modern Housing Complex, Sector 13, Chandigarh, 160101, India",+91 98177 97741,http://photonphysio.com/,5,3,False,"['Fitness center', 'Physical therapy clinic']",ChIJ2Wcl64OTDzkRjYVPxO7rTw8,30.7157289,76.8313884,4,primary_cat
AnandSutra - Isha Hatha Yoga Chandigarh,Yoga studio,Chandigarh,160009,Chandigarh,"668, 8B, Sector 8, Chandigarh, 160009, India",+91 96607 58485,https://anandsutra.org/,5,100,False,['Yoga studio'],ChIJzyW2wi7tDzkRJVkXZrhkVug,30.7426122,76.7951115,52,primary_cat
Birth & Beyond,Yoga instructor,Chandigarh,160002,Chandigarh,"H.No. 149, Sector 28A, Sector 28, Chandigarh, 160002, India",+91 98148 07988,https://birthnbeyond.co.in/,5,88,False,"['Yoga instructor', 'Childbirth class', 'Lactation service', 'Meditation center', 'Meditation instructor', 'Yoga retreat center', 'Yoga studio']",ChIJZ6CIkcftDzkRBzemobr5bCI,30.7202152,76.8071102,39,primary_cat
Ranjeet Yoga studio,Yoga studio,Chandigarh,160001,Chandigarh,"Silence of garden, Sukhna lake, Sector 6, Chandigarh, 160001, India",+91 76963 37704,,5,8,False,['Yoga studio'],ChIJx-vA77STDzkRsZCN686ow_M,30.738187,76.8299991,2,primary_cat
YogaFI,Yoga studio,"Chandigarh, Sukteri",160101,Chandigarh,"Right Global Info Solutions, Right Global Info Solutions, Plot no. 16, Rajiv Gandhi Technology Park, Phase - I, Sector 13, Chandigarh, 160101, India",,http://www.yogafi.org/,,,False,['Yoga studio'],ChIJQ8UB_w6TDzkRlYv1toSacI4,30.7270685,76.8405706,5,primary_cat
Fouji Music & Dance Academy,Fitness center,Chandigarh,160101,Chandigarh,"2242-A, Mariwala Town, Shanti Nagar, Sector 13, Chandigarh, 160101, India",,,4.3,11,False,"['Fitness center', 'Dance school', 'Music school', 'Music instructor', 'Vocal instructor']",ChIJI3HE03qTDzkRDw9Z8KR2LPY,30.7196028,76.8300775,334,primary_cat
"Lemon Tree Hotel, Chandigarh",Gym,Chandigarh,160002,Chandigarh,"Plot No. 3, MW, Industrial Area Phase I, Chandigarh, 160002, India",+91 172 442 3232,http://www.lemontreehotels.com/lemon-tree-hotel/chandigarh/hotel-chandigarh?utm_source=Google&utm_medium=GMB,3.9,4129,False,"['Gym', 'Bar', 'Bed & breakfast', 'Conference center', 'Hotel', 'Inn', 'Lodge', 'Motel', 'Restaurant', 'Spa']",ChIJL6TVyQvtDzkRuih6zLyp6OA,30.7055245,76.8031024,2250,primary_cat
"Human Fitness - Best Gym In Chandigarh , Gyms in Chandigarh",Fitness center,Chandigarh,160009,Chandigarh,"S.C.O, 34-37, Madhya Marg, 9D, Chandigarh, 160009, India",+91 172 403 9399,,4.8,369,False,"['Fitness center', 'Gym', 'Gymnastics club', 'Health spa', 'Spa and health club']",ChIJVVmbTJrtDzkReP7orytsx3M,30.7451164,76.787945,61,primary_cat
Royal fitness club | Best gym in chandigarh,Fitness center,Chandigarh,160009,Chandigarh,"Second Floor, 9D, Sector 9, Chandigarh, 160009, India",,https://vishal.beingmaker.com/,5,1,False,['Fitness center'],ChIJW4VnVqXtDzkRbzSrO0vQGSA,30.746665,76.7942484,1,primary_cat
Gym in Chandigarh,Fitness center,Chandigarh,160017,Chandigarh,"Pumping Iron sco 117 118 basment, Sector 17, Chandigarh, 160017, India",,,4.2,10,True,"['Fitness center', 'Gymnastics center', 'Spa and health club', 'Sports complex']",ChIJ7dlMTrrtDzkRRDEZTAEZuJo,30.7420614,76.7888738,2,primary_cat
IVT Oxy Health and Wellness Centre CGA Golf Range,Wellness center,Chandigarh,160001,Chandigarh,"CGA Golf Driving Range, Kishangarh, Chandigarh, 160001, India",,https://ivtindia.com/,5,4,True,['Wellness center'],ChIJZe0tpNHtDzkRVUAAbvbkXAs,30.735573,76.825743,9,primary_cat
Fitness Architects,Fitness center,Chandigarh,160018,Chandigarh,"123, Sector 18-C, Sector 18, Chandigarh, 160018, India",,,,,False,['Fitness center'],ChIJ9SdvxdvtDzkRbxynGmTmrSI,30.7332254,76.787029,1,primary_cat
Aumayuyogaclasses,Fitness center,Chandigarh,160030,Chandigarh,"1672/1, Ordnance Cable Factory Colony, Sector 29 B, Sector 29, Chandigarh, 160030, India",,,5,4,False,['Fitness center'],ChIJ9Q6cDcLtDzkRx8d7U1NiUSM,30.7107846,76.7953114,2,primary_cat
Tattva Yoga Studio Chandigarh,Yoga studio,Chandigarh,160019,Chandigarh,"746A, near petrol pump, Sector 7B, Sector 7, Chandigarh, 160019, India",,,,,False,['Yoga studio'],ChIJfbdc69yTDzkRF0T76HNL1RI,30.7308445,76.8014539,3,primary_cat
Pilates Please,Yoga studio,Panchkula,134109,Haryana,"second floor, SCO 352, Sector 9, Panchkula, Haryana 134109, India",+91 79862 90342,http://www.instagram.com/pilatespleaseofficial,5,80,False,"['Yoga studio', 'Pilates studio']",ChIJh7KEGhyTDzkR8zl9cHmum_c,30.6973888,76.8494087,27,primary_cat
The Body Town Gym & Spa,Gym,Chandigarh,160101,Chandigarh,"SCO-45, 2nd Floor, Pocket, 1, NAC Rd, Sector-13, Sector 13, Chandigarh, 160101, India",+91 90411 13633,,4.5,102,False,['Gym'],ChIJZYBMwkSTDzkRA8Yt90F69PU,30.7104084,76.8395147,16,primary_cat
Jovicyog,Yoga studio,Chandigarh,160001,Chandigarh,"Rock Garden of Chandigarh, Sector 1, Chandigarh, 160001, India",+91 88476 68554,,5,1,False,"['Yoga studio', 'Fitness center', 'Yoga instructor']",ChIJAfBoElLtDzkRXj08kS75CWw,30.7535003,76.8057776,11,primary_cat
R fitness Gym & Swimming Pool,Yoga studio,Chandigarh,160030,Chandigarh,"Udyog Path, near traffic challan office, Ordnance Cable Factory Colony, Sector 29 B, Sector 29, Chandigarh, 160030, India",+91 98888 82341,,4.8,6664,False,"['Yoga studio', 'Dance school', 'Gym', 'Martial arts club', 'Spa and health club', 'Swimming pool', 'Vitamin & supplements store', 'Water park', 'Wrestling school', 'Fitness center']",ChIJL3aY4uXsDzkR8oduhDsfM6s,30.7109974,76.7970844,606,primary_cat
Yog dhara academy,Yoga studio,Chandigarh,160019,Chandigarh,"Brahmrishi Yoga College, 19A, Sector 19, Chandigarh, 160019, India",+91 75080 78037,,5,1,True,['Yoga studio'],ChIJ23NyiBntDzkRUuAWCVqOjPs,30.7310584,76.7973289,12,primary_cat
Bull arena Gym,Gym,Chandigarh,160101,Chandigarh,"1157, Kishangarh Rd, near sukhna lake, Kishangarh, Chandigarh, 160101, India",,,5,29,False,['Gym'],ChIJA_FSPADtDzkRlipUP6Se-CI,30.7337744,76.8251949,29,primary_cat
Shrug Life CF,Gym,Kansal,160103,Punjab,"Sukhna Enclave, 56/57, Main Ave, Kaimbwala, Kansal, Sector 1, Kansal, Punjab 160103, India",+91 98759 35778,https://www.shruglife.in/,4.7,109,False,['Gym'],ChIJV96GSRjtDzkRCUzY4JxX1v4,30.753701,76.8165511,24,primary_cat
Carbon Fitness,Gym,Chandigarh,160101,Chandigarh,"2ND FLOOR, NAC Rd, NAC Manimajra, Sector 13, Chandigarh, 160101, India",,,4.5,52,False,['Gym'],ChIJG6H6ueaTDzkRH1Cp2D9e5yk,30.7108226,76.8434546,46,primary_cat
Bajrang fitness premium,Gym,Chandigarh,160101,Chandigarh,"SCO.1057/5, second floor, gobindpura, CHD, Sector 13, Chandigarh, 160101, India",+91 95178 86624,,5,32,False,['Gym'],ChIJ5aoLg-uTDzkRMT6W_IxmnLM,30.7122464,76.8357485,18,primary_cat
UNIQUE FITNESS BOYS AND GIRLS,Fitness center,Chandigarh,160101,Chandigarh,"First floor, *Unique fitness, Nanus's complex, Daria, Chandigarh, 160101, India",+91 99884 11307,,5,25,False,['Fitness center'],ChIJy5VLkgftDzkRKnPctXa64Ao,30.6992028,76.813848,22,primary_cat
Trainwithpacific,Personal trainer,Chandigarh,160011,Chandigarh,"1, Azaadi Rte, 10D, Sector 10, Chandigarh, 160011, India",+91 97800 18388,http://trainwithpacific.com/,5,61,False,['Personal trainer'],ChIJaWArKOHtDzkRWYHfjqwDJFA,30.7533755,76.787833,40,primary_cat
S-Max Training,Gym,Chandigarh,160101,Chandigarh,"Shop No, 2148/A, Pipliwala Town, opposite SBI & AXIX BANK ATM, Sector 13, Chandigarh, 160101, India",+91 99888 00355,,5,14,True,['Gym'],ChIJkacNMB6TDzkRugHf2gojEpI,30.7200299,76.8324579,20,primary_cat
FITNESS 29 GYM,Gym,Chandigarh,160030,Chandigarh,"SCO 48, Sector 29D, 29D, Sector 29, Chandigarh, 160030, India",+91 89688 00029,,4.2,59,False,['Gym'],ChIJDbVL1gvtDzkRkE4Wt8ZeEdU,30.7118659,76.7904321,11,primary_cat
Muscle X GYM,Gym,Chandigarh,160002,Chandigarh,"PLOT No. 727, Hallo Majra, Chandigarh, 160002, India",+91 98763 64348,,4.9,22,False,['Gym'],ChIJAf6BZwDtDzkRA4Hplqn9_Gc,30.6910494,76.8022701,37,primary_cat
BAJRANG FITNESS CENTER,Gym,Chandigarh,160003,Chandigarh,"BEHLANA #163, Chandigarh 160003, India",+91 98884 69743,,4.9,90,False,['Gym'],ChIJC50Yh47tDzkR5Ivo0fh5CuM,30.6774807,76.8000565,15,primary_cat
FLEX PRO FITNESS GYM,Gym,Chandigarh,160019,Chandigarh,"Sector 19C, Sector 19, Chandigarh, 160019, India",+91 98885 49916,,,,False,['Gym'],ChIJldi9GQDtDzkRhXqgy9BuUyY,30.7250501,76.7922531,12,primary_cat
Flexity gym & spa,Gym,Chandigarh,160019,Chandigarh,"S.C.O 4, MADHYAM MARG, Sector 26, Chandigarh, 160019, India",+91 98726 60669,,4.5,152,False,['Gym'],ChIJ87BupBjtDzkR0CPexBtbltA,30.7287388,76.8023094,72,primary_cat
Gurdeep Singh Academy GSA Salsa Bachata Fitness Dance,Dance school,Chandigarh,160019,Chandigarh,"Rainbow international School, Sector 27D, Sector 27, Chandigarh, 160019, India",+91 89015 13991,https://instagram.com/gurdeepsinghacademy?igshid=YmMyMTA2M2Y=,4.9,22,False,['Dance school'],ChIJs6EF5_7tDzkRNtkCD4wrFcI,30.7218984,76.7968119,9,title_keyword
Fitness Habit,Gym,Chandigarh,160003,Chandigarh,"near dispensary, Behlana, Chandigarh, 160003, India",+91 98889 86689,,4.9,84,False,['Gym'],ChIJYSflec7tDzkRZYpGadnLHkM,30.6766612,76.798971,21,primary_cat
THE VIP GYM,Gym,Chandigarh,160102,Chandigarh,"First Floor, Plot, 163-164, Mouli Pind Rd, opposite Govt Model School, Mauli Jagran, Vikas Nagar, Chandigarh, 160102, India",+91 98764 25264,,4.8,226,False,"['Gym', 'Fitness center', 'Gymnastics center']",ChIJsYo5IbPsDzkRCLuS_IT5lJ0,30.6917218,76.823844,164,primary_cat
Tarun Personal Fitness Trainer,Personal trainer,Chandigarh,160019,Chandigarh,"Sector 7-C, Sector 7, Chandigarh, 160019, India",+91 98782 75825,,4.9,29,False,['Personal trainer'],ChIJdZfq59btDzkRv4wYBFP1Ukg,30.7325007,76.8002748,44,primary_cat
MK Fitness,Personal trainer,,,,,+91 97799 99646,,4.5,2,False,"['Personal trainer', 'Service establishment']",ChIJD4HhHlWTDzkRBhbf95AdjL0,30.683565,76.7690431,15,primary_cat
Mr Alg,Physical fitness program,,,,,,https://instagram.com/alg_rope?igshid=NTc4MTIwNjQ2YQ==,,,False,"['Physical fitness program', 'Service establishment']",ChIJYdLIVVEn3Y0ROex0tZMUlfI,30.7176821,76.8074723,0,primary_cat
Neo Spartan Fitness | Gym in Chandigarh | Fitness Center & Personal Trainer,Gym,Chandigarh,160022,Chandigarh,"Sco 2927-2928 basement, near hotel diamond, Sector 22C, Chandigarh, 160022, India",+91 81949 67484,https://neospartan.in/,4.6,209,False,"['Gym', 'Aerobics instructor', 'Fitness center', 'Personal trainer', 'Physical fitness program', 'Weight loss service', 'Wellness center', 'Yoga studio']",ChIJL3fGFp3tDzkRJmWr3I1dIXU,30.7284024,76.7674488,32,primary_cat
Tiwana GYM,Gym,Chandigarh,160102,Chandigarh,"207/3 Second Floor Opp Govt Model High School, Mauli Jagran, Chandigarh, 160102, India",+91 98887 20388,,4.5,58,False,['Gym'],ChIJP1OGkrLsDzkRI8gzfnMU1-w,30.6918533,76.823844,57,primary_cat
bron gym,Gym,Chandigarh,160002,Chandigarh,"1411, Deep Complex, Hallo Majra, Chandigarh, 160002, India",+91 89687 29049,,4.5,17,False,['Gym'],ChIJd9s8Xh3tDzkReRkEyhkFmOE,30.6875999,76.7996485,7,primary_cat
Brodeway Etender डिजिटल signature Gym,Gym,Chandigarh,160002,Chandigarh,"PLOT NO 1760 Deep Complex, Hallo Majra, Chandigarh, 160002, India",+91 92164 16567,http://www.brodeway.in/,4.4,25,False,['Gym'],ChIJuUy6JpHsDzkRWUBwSDnbrog,30.690717,76.7960282,1,primary_cat
Iron Addict Gym,Gym,,140604,Punjab,"Vaishali Enclave, sco 3, Baltana, Punjab 140604, India",+91 94676 31411,https://instagram.com/iron_addict_gym_?igshid=MzRlODBiNWFlZA==,4.7,25,False,['Gym'],ChIJ1z9QcurrDzkRdPOkagPaDJI,30.6793476,76.8251777,29,primary_cat
LOVE FITNESS GYM,Gym,Panchkula,160102,Haryana,"216 VILLAGE BUDHANPUR SECTOR 16, near GOVT SCHOOL, Budanpur, Panchkula, Haryana 160102, India",+91 99888 55255,,4,2,False,['Gym'],ChIJMx8UxqKTDzkRzrQJJxCEPmY,30.6911448,76.8271331,7,primary_cat
Brothers gym,Gym,Chandigarh,160102,Chandigarh,"House no 880, Mouli complex, Mauli Jagran, Budanpur, Chandigarh, 160102, India",+91 98784 23331,,4.8,9,False,['Gym'],ChIJkRRFF6qTDzkRUnLQelHeai4,30.6936751,76.8257615,10,primary_cat
GLOBAL GYM FACTORY,Fitness equipment wholesaler,Chandigarh,160002,Chandigarh,"1528, Deep Complex, Hallo Majra, Chandigarh, 160002, India",+91 85578 83309,http://www.speedfitness.co.in/,,,False,"['Fitness equipment wholesaler', 'Exercise equipment store']",ChIJkXUSXsjtDzkRgORf7HxE4ow,30.6903475,76.7958596,27,title_keyword
Fitness & Sports Treadmill Repair & Service| Gym Equipment Manufacturer,Exercise equipment store,Chandigarh,160101,Chandigarh,"Plot No 1548, Deep Complex, Gali Number 3, near Bank Of India, Hallo Majra, Chandigarh, 160101, India",,,2.3,6,False,['Exercise equipment store'],ChIJq3okOrHtDzkRvo1rCbbYFHU,30.6888927,76.7968881,9,title_keyword
Gym mechanics and Sona steam n fitness equipment service door step services,Taxi service,Chandigarh,160003,Chandigarh,"Mahila Niwas, Raipur Khurd, Chandigarh, 160003, India",,,,,False,['Taxi service'],ChIJpaMGmRTrDzkR-a-7sCF3VEo,30.6775062,76.8115228,1,title_keyword
Ravi Fitness Guru,Personal trainer,,,,,+91 98767 25520,https://ravifitnessguru.blogspot.com/,5,40,False,"['Personal trainer', 'Service establishment', ""Women's personal trainer""]",ChIJS3R5CPaTDzkRF1N_iDhD1i8,30.7176821,76.8074723,0,primary_cat
Spartan Gym,Gym,Kansal,160103,Punjab,"Jangu Mohalla, Kansal, Punjab 160103, India",+91 98780 30063,,4.7,129,False,['Gym'],ChIJEVUp6VvtDzkRDcaHT9Io4vw,30.7615625,76.8096875,40,primary_cat
Her Fitness Hub,Gym,Chandigarh,160103,Chandigarh,"24, School Road, near State Bank Of India, Khuda Ali Sher, Chandigarh, 160103, India",+91 89683 41686,,4.9,9,False,['Gym'],ChIJp3DXAMDzDzkRA6aVIkVR0Ts,30.7743585,76.8091462,1,primary_cat
DEVILS GYM,Gym,"Nayagaon, Chandigarh",160103,Punjab,"Plot-3, Shivalik Vihar Road, Nayagaon, Chandigarh, Punjab 160103, India",+91 82641 21212,,4.5,112,False,['Gym'],ChIJ7ViCRoPyDzkRdWO-enbAoqg,30.7729091,76.801096,80,primary_cat
Rana Fitness Zone,Gym,Nayagaon,160103,Punjab,"Rana fitness zone Honda agency, Dhillon complax, near century public school, Nayagaon, Punjab 160103, India",+91 88376 84977,,4.9,96,False,['Gym'],ChIJ6duKtJLzDzkRO49mcVoIzq8,30.7748656,76.7974658,68,primary_cat
Yellow Fitness club GYM,Gym,"Nayagaon, Chandigarh",160103,Chandigarh,"Side Hotel The Yellow, Dhillon Rd, Nayagaon, Chandigarh, 160103, India",+91 94644 54545,,4.5,167,False,['Gym'],ChIJgQa-qGnzDzkRhzg13B71C2c,30.7707984,76.7972203,34,primary_cat
Wao Fitness,Gym,Chandigarh,160009,Chandigarh,"SCO 34,35,36, 37, Madhya Marg, 9D, Chandigarh 160009, India",+91 62831 17815,,4.9,1312,False,"['Gym', 'Gymnastics club']",ChIJmcyyL0_tDzkRpj88VMfgzJk,30.7450838,76.7881575,112,primary_cat
Fitness Temple,Fitness center,Nayagaon,160103,Punjab,"Main Market, Nayagaon, Punjab 160103, India",+91 85569 19529,,4.5,155,False,"['Fitness center', 'Gym']",ChIJd6ERvpzyDzkRxwDoeKDSD1M,30.7708242,76.7924997,13,primary_cat
Sigma Fitness (Gym & Cardio),Gym,Nayagaon,160103,Punjab,"Janta Colony Rd, near shanti atta chakki, Adarsh Nagar, Nayagaon, Punjab 160103, India",+91 98880 35118,,4.5,64,False,['Gym'],ChIJE1cXWpvyDzkRm6XLcLcwR-g,30.7730293,76.7920434,65,primary_cat
Hox Fitness,Gym,Chandigarh,160011,Chandigarh,"Hotel Mountview, Sector 10A, Sector 10, Chandigarh, 160011, India",+91 70873 20007,http://hoxfitness.com/,4.4,163,False,['Gym'],ChIJC6dUeTrtDzkRbYRtVbitX2o,30.7540217,76.7886644,81,primary_cat
Fitness Continues,Fitness center,"Nayagaon, Sahibzada Ajit Singh Nagar",160103,Chandigarh,"Block H, Shivalik Vihar Road, Nayagaon, Sahibzada Ajit Singh Nagar, Chandigarh 160103, India",+91 99887 77547,https://fitness-continues.business.site/?utm_source=gmb&utm_medium=referral,5,30,False,"['Fitness center', 'Club', 'Dance club', 'Gym', 'Health consultant', 'Physical fitness program', 'Weight loss service', 'Yoga studio']",ChIJQVO2uKnzDzkRHy3a-T8wZxE,30.7748379,76.8014097,1,primary_cat
PEC Gymnasium,Gym,Chandigarh,160012,Chandigarh,"Sector 12, Chandigarh, 160012, India",,,3.4,34,False,['Gym'],ChIJKR0L74LyDzkRVdurn8wFp-k,30.7678634,76.7893577,21,primary_cat
calisthenics advanced training in Chandigarh,Fitness center,"Nayagaon, Chandigarh",160103,Punjab,"1498-E, near bsnl tower, Adarsh Nagar, Nayagaon, Chandigarh, Punjab 160103, India",+91 77430 17745,https://www.instagram.com/_diamond_mode_?igsh=MXNtMWI2MGNidm5paw%3D%3D&utm_source=qr,5,32,False,['Fitness center'],ChIJsRzFkY_zDzkRjgRwkS4UBdc,30.770835,76.7887634,26,primary_cat
Kryptonian_gym_by_Karam,Gym,Nayagaon,160103,Punjab,"Shop no 10 1st floor, Main Market, Shiv Mandir Rd, near haryana Kiryana store, Nayagaon, Punjab 160103, India",,,5,3,True,['Gym'],ChIJ33wP8LvzDzkR-SGOFy0HWMI,30.7723306,76.7932184,11,primary_cat
WOMAN FITNESS ZONE and Health Happiness Clinic,Wellness center,Nayagaon,160103,Punjab,"221-A, Shivalik Vihar, Nayagaon, Punjab 160103, India",+91 95010 48995,,5,2,False,['Wellness center'],ChIJDZFi3RvzDzkRAnvtvVKgkKc,30.7726206,76.7978817,10,primary_cat
MV fitness,Gym,Nayagaon,160103,Punjab,"QQFW+P5X, Nayagaon, Punjab 160103, India",,,4.4,5,True,['Gym'],ChIJS7nz-mPzDzkRhSsLKFwpDVE,30.7743607,76.7954765,10,primary_cat
Harman,Gym,Chandigarh,160001,Chandigarh,"3A, Udyan Path, 3A, 2B, Sector 3, Chandigarh, 160001, India",,,,,True,['Gym'],ChIJBzqPHwDtDzkRt0o9sGbhQBg,30.76198,76.7951695,1,primary_cat
Spade Fitness Club,Gym,Chandigarh,160009,Chandigarh,"SCO 143-144, Sector 9- C, Sector 9, Chandigarh, 160009, India",+91 97796 11778,https://www.instagram.com/spade_fitness_club?igsh=MWx1aGo4amh5eHltYg==,5,97,False,['Gym'],ChIJO17h92_tDzkR3IWvDlH4myo,30.7424768,76.78976,47,primary_cat
Octane Wellness Club Sector 17,Fitness center,Chandigarh,160017,Chandigarh,"SCO 73-79, Shopping Plaza, 17D, Sector 17, Chandigarh, 160017, India",+91 72680 90909,,4.6,738,False,"['Fitness center', 'Gym']",ChIJazILzUftDzkR8B0uh4G-XFA,30.7410961,76.7820211,82,primary_cat
Akhada Health and Fitness Club,Gym,Chandigarh,160020,Chandigarh,"SCO 34,Sector, 33D, Chandigarh, 160020, India",+91 92186 04441,http://www.akhadagym.com/,4.9,584,False,"['Gym', 'Gymnasium school', 'Gymnastics club', 'Spa and health club']",ChIJbTLOi7ztDzkR2Mc-A_3o4vI,30.7138453,76.768394,146,primary_cat
Yog Amore,Yoga studio,"Chandigarh, Kansal",160103,Chandigarh,"Kansal Enclave, YogAmoreShala, behind Chandigarh Club, Sector 1, Chandigarh, 160103, India",,http://www.yogamoreshala.com/,5,85,False,"['Yoga studio', 'Yoga instructor', 'Yoga retreat center']",ChIJ9VxiC3btDzkRQbo7TsRfXWI,30.7666967,76.8072622,155,primary_cat
Hybrid Cross Gym,Gym,Chandigarh,160014,Chandigarh,"QQ93+49J HYBRID CROSS FITNESS, near RAVIDASS GURUDWARA, Dhanas, Chandigarh, 160014, India",+91 82848 01717,,4.8,40,True,['Gym'],ChIJy-SVJd_zDzkRThkHWKOjdCQ,30.767842,76.7534016,24,primary_cat
Fit Accord,Gym,Chandigarh,160012,Chandigarh,"PGIMER NEAR EYES CENTER, OLD DOCTOR'S HOSTEL - ODH, POST GRADUATE INSTITUTE OF MEDICAL EDUCATION & RESEARCH, ODH, Sector 12, Chandigarh, 160012, India",+91 75082 64143,,4.3,111,False,['Gym'],ChIJac1-uL3tDzkRoD3Eevoyxg8,30.7649884,76.7791278,5,primary_cat
A Ultimate Fitness Gym,Fitness center,"Chandigarh, Khudda Lahora",160014,Chandigarh,"2,4, SCF 1, above Platinum Honda Service Center, Khuda Jassu, Khudda Lahora, Chandigarh, Khudda Lahora, Chandigarh 160014, India",+91 99883 74425,,5,17,False,['Fitness center'],ChIJnXytcwDzDzkRF8QIoncv-cc,30.7722569,76.7712203,10,primary_cat
Pro Ultimate Gyms - Aroma 22 Chandigarh,Gym,Chandigarh,160022,Chandigarh,"2nd Floor, Hotel Aroma Complex, Sector 22C, Sector 22, Chandigarh, 160022, India",+91 76964 83559,https://proultimategyms.in/,4.8,1086,False,['Gym'],ChIJaWcZ7n3tDzkR5va9XwkjHeo,30.7301889,76.7735698,67,primary_cat
OVR Fitness Solutions,Fitness center,Chandigarh,160015,Chandigarh,"27, 2nd Floor, SCO, 15C, Sector 15, Chandigarh, 160015, India",+91 85680 75063,,4.9,173,False,"['Fitness center', 'Gym']",ChIJ6f5DO5rtDzkRADs5QxSxiSs,30.7517625,76.7723029,600,primary_cat
Zumba Certification course,Fitness center,Chandigarh,160022,Chandigarh,"Sector 21A, Sector 21, Chandigarh, 160022, India",,http://leafzumba.com/,5,11,False,['Fitness center'],ChIJ11QU_8PtDzkRCaxLb_angYg,30.7322344,76.7791444,21,primary_cat
Pro Ultimate Gyms Sector 38,Gym,Chandigarh,160014,Chandigarh,"1st & 2nd Floor, SCO 174-175, Sector 38C, Sector 38, Chandigarh, 160014, India",+91 93392 00038,,4.9,1578,False,['Gym'],ChIJ1_NwnpXtDzkRb0hmo48W-yQ,30.7444361,76.7436582,50,primary_cat
Hope Fitness Gym,Gym,Chandigarh,160025,Chandigarh,"Main Market, Plot no- 86, Maloya, Chandigarh, 160025, India",+91 62800 82155,,4.9,169,False,['Gym'],ChIJgZeRLZvvDzkR3LCzwelWv6A,30.7549428,76.7175672,31,primary_cat
The Voult Fitness Gym,Gym,Sahibzada Ajit Singh Nagar,160055,Punjab,"SCF - 31, Basement, Phase 6, Basement, Sahibzada Ajit Singh Nagar, Punjab 160055, India",,,5,29,False,['Gym'],ChIJ30bnYx_vDzkRDO0POMGaHdM,30.7358633,76.7160571,6,primary_cat
Kas fitness unisex gym and spa,Gym,Sahibzada Ajit Singh Nagar,160014,Punjab,"Jujhar Nagar, Sahibzada Ajit Singh Nagar, Punjab 160014, India",+91 83609 60474,,5,66,False,['Gym'],ChIJ0deofavvDzkRVwZ10VdZI6g,30.7509237,76.7070288,19,primary_cat
Anytime Fitness,Gym,Chandigarh,160022,Chandigarh,"1st & 2nd Floor, Sco 107 & 108, 43B, Sector 43, Chandigarh, 160022, India",+91 86993 99800,https://www.anytimefitness.com/en-in/locations/chandigarh-chandigarh-in-1107,4.6,732,False,"['Gym', 'Fitness center']",ChIJKbS6SEPtDzkRZX_NtZBXfc0,30.7170454,76.7531547,116,primary_cat
Athelonics Hybrid Gym,Gym,Chandigarh,160043,Chandigarh,"Main Road, 146-148, Himalaya Marg, 43B, Sector 43, Chandigarh, 160043, India",+91 172 461 7246,,4.5,495,False,['Gym'],ChIJbfQ28crtDzkRrb81_XqGxyE,30.7182605,76.7546886,94,primary_cat
Infinity Fitness Studio & Gym,Gym,Chandigarh,160036,Chandigarh,"SCO 49, First and second floor, Sector 42-C, Chandigarh 160036, India",+91 70270 82827,,4.8,94,False,['Gym'],ChIJOW8avgvtDzkR-nuN-CcgXSw,30.722799,76.7447888,12,primary_cat
Ikneet Health Club,Gym,Chandigarh,160036,Chandigarh,"PP8P+95M, Kajheri, Kajheri Village, Sector 52, Chandigarh, 160036, India",+91 98156 83320,,4.9,34,True,['Gym'],ChIJvSfsOdXtDzkRpvkc8UwsDWk,30.7159632,76.7354076,17,primary_cat
Extreme fitness gym & spa,Gym,Chandigarh,160055,Chandigarh,"Main road, Sector 55, Palsora, Chandigarh, 160055, India",+91 98724 49446,,4.3,88,False,['Gym'],ChIJPVbvFYLvDzkRql9YGD7IO94,30.7305049,76.7255833,2,primary_cat
Flex Gym,Gym,Chandigarh,160036,Chandigarh,"2nd Floor, sco no. 6 & 7 sector, Sector 41D, Badheri, Sector 41, Chandigarh, 160036, India",+91 98033 00112,https://flexgym41.netlify.app/,4.2,192,False,['Gym'],ChIJQy-OUNntDzkRwNxmbGGkKfw,30.7342359,76.736771,20,primary_cat
Gurbilas Health Club ( GYM ),Gym,Sahibzada Ajit Singh Nagar,160055,Chandigarh,"SCO 18, Top Floor, Sector 55, Phase 1, Sector 55, Sahibzada Ajit Singh Nagar, Chandigarh 160055, India",+91 98156 24334,http://ghcnutritionchd.com/,4.5,133,False,['Gym'],ChIJAQAAALDuDzkRkFzIn08sFnk,30.7281902,76.7222744,69,primary_cat
Super Fitness Center,Gym,Chandigarh,160047,Chandigarh,"SCO 50, Burail, Sec, Sector 45C, Sector 45, Chandigarh, 160047, India",+91 98155 20657,,4.5,46,False,['Gym'],ChIJ7ztX7SXtDzkRVwQ5MsIbcF8,30.7061784,76.7576347,26,primary_cat
Pro Ultimate Gyms,Gym,Chandigarh,160043,Chandigarh,"SCO 255-256, Top Floor, 44C, Sector 44, Chandigarh, 160043, India",+91 86428 00044,https://proultimategyms.in/sector-44-c-chandigarh/,4.9,975,False,['Gym'],ChIJ4fDOeDntDzkRU-JFxVDgvBI,30.7128541,76.7519282,221,primary_cat
OZI Gym and Spa,Fitness center,Chandigarh,160036,Chandigarh,"Sco 383, 384, 385, SCO 388, Sector 37 d, Sector 37, Chandigarh, 160036, India",+91 172 511 0038,,4.1,518,False,['Fitness center'],ChIJw8qxX3vtDzkR92bvdwFxHIg,30.7403662,76.747879,109,primary_cat
- Sec 22,Fitness center,Chandigarh,160022,Chandigarh,"SCO 3013-14, Dakshin Marg, Sector 22D, Sector 22, Chandigarh, 160022, India",,http://ozigym.com/,4.2,371,False,['Fitness center'],ChIJ73mGYLrtDzkRPPUb9m0uWF8,30.731003,76.7651952,57,primary_cat
Divine Soul Yoga,Wellness center,Chandigarh,160011,Chandigarh,"Dhyan Vatika, 289, Sector 10A, Sector 10, Chandigarh, 160011, India",+91 93892 53652,http://www.divinesoulyoga.com/,5,121,False,['Wellness center'],ChIJ4_OdOrvtDzkR4NdjSbYaaQ8,30.7557973,76.7923058,113,primary_cat
Neel Yog,Yoga studio,Chandigarh,160015,Chandigarh,"15C, Sector 15, Chandigarh, 160015, India",+91 98788 76696,,5,23,False,['Yoga studio'],ChIJBajXrjTtDzkRAg5jGcvK4fE,30.7514904,76.7737117,22,primary_cat
Yogshakha | Yoga Studio,Yoga instructor,Chandigarh,160017,Chandigarh,"Shopping Plaza, 17C, Sector 17, Chandigarh, 160017, India",+91 78144 08051,https://yogshakha.in/,5,19,False,['Yoga instructor'],ChIJs6tCip7tDzkR3J6RAxvW7ug,30.7383556,76.7847663,25,primary_cat
Svadhyo Yogshala,Yoga studio,Chandigarh,160037,Chandigarh,"Sector 37A, Sector 37, Chandigarh, 160037, India",+91 94167 25496,https://www.svadhyoyogshala.com/home,5,142,False,"['Yoga studio', 'Yoga retreat center']",ChIJ84EOUM_tDzkRvDeCr6XJpwo,30.7413195,76.7530231,1261,primary_cat
Santushti Yoga Lounge by Rohan,Yoga studio,Chandigarh,160022,Chandigarh,"SCO 2422, Sector 22C, Sector 22, Chandigarh, 160022, India",+91 98726 24884,https://santushtibylavleen.com/yoga-classes-chandigarh,5,183,False,"['Yoga studio', 'Meditation center', 'Meditation instructor', 'Personal trainer', 'Yoga retreat center']",ChIJBfW9H7LtDzkRWqgqH0wiXVk,30.728949,76.771661,19,primary_cat
The Barbell LiFe GYM & SpA CroSsFiTt,Fitness center,Chandigarh,160043,Chandigarh,"PQ72+MHP, Sco, Sco 359, Sector 44D, Sector 44, Chandigarh, 160043, India",+91 78886 81966,,4.3,99,True,['Fitness center'],ChIJU8suyTPsDzkRRckD1fwscxU,30.7142309,76.751539,29,primary_cat
Friends Fitness Gym,Gym,Chandigarh,160047,Chandigarh,"Sanatan, Kesho Ram Complex, SCO-68, opposite Sanatan Dharam Mandir, Burail, Sector 45C, Sector 45, Chandigarh, 160047, India",+91 97800 51822,,4.2,73,True,['Gym'],ChIJUUNj5UfsDzkRBRDWVnmL_sE,30.7055209,76.7576002,17,primary_cat
Suprama Fitness GYM,Gym,Chandigarh,160022,Chandigarh,"City Center S.C.O-285, First & Top floor, Sector 35D, Chandigarh, 160022, India",+91 98785 08334,,4.4,144,False,['Gym'],ChIJfaYzPJjtDzkRJ1VMdooID10,30.7266519,76.7576696,23,primary_cat
- Sec 40,Fitness center,Chandigarh,160036,Chandigarh,"Sector 40 Market Rd, near IndusInd Bank, Sector 40C, Sector 40D, Chandigarh, 160036, India",+91 172 502 0888,,4.2,531,False,['Fitness center'],ChIJU_6rKHXuDzkR0HUWW67CHec,30.7354171,76.7359221,53,primary_cat
22 gym,Gym,Chandigarh,160036,Chandigarh,"SCF143, Sector 40C Rd, Chandigarh, 160036, India",,,3.8,79,False,['Gym'],ChIJ5W-PbJftDzkRenA19oluSUI,30.7366152,76.734505,13,primary_cat
Ajay Health & Wellness Center | Weight Loss & Fitness Club,Weight loss service,Chandigarh,160036,Chandigarh,"FIRST FLOOR, SCO NO 89, Sector 38C, Sector 38, Chandigarh, 160036, India",+91 98886 99760,https://sites.google.com/view/ajaywellnesscenter/home,5,78,False,['Weight loss service'],ChIJT_linjHtDzkR2S36TgqFZkU,30.743387,76.7444709,0,primary_cat
SB Wellness Center,Community health center,Chandigarh,160022,Chandigarh,"1929, 34D, Sector 34, Chandigarh, 160022, India",,http://www.drshalinderkaur.com/,4.8,26,False,['Community health center'],ChIJ13oro8HtDzkRoiMt5CdluL4,30.7206341,76.7633283,18,title_keyword
Herbalife ASSOCIATE /club/chandigrh mohali,Weight loss service,Chandigarh,160036,Chandigarh,"bdheri, Shop no 247 a, Sector 41D, Badheri, Chandigarh, 160036, India",+91 90419 23504,,5,25,False,"['Weight loss service', 'Fitness center', 'Health counselor']",ChIJg0SL_oPtDzkRxCFTWG9M3Ac,30.7326701,76.7349179,16,primary_cat
Rudra health club,Gymnasium school,Sahibzada Ajit Singh Nagar,160055,Punjab,"PPM8+QMM, Mohali, Sector 56, Sahibzada Ajit Singh Nagar, Punjab 160055, India",,,,,True,['Gymnasium school'],ChIJZywdoU3vDzkRhB1mePuK4Vo,30.734462,76.7166657,25,title_keyword
Tritam Moksha Spa,Spa and health club,Chandigarh,160022,Chandigarh,"1st Floor, SCO 423/24, 35C, Sector 35, Chandigarh, 160022, India",+91 98784 09429,https://tritammoksha.in/,4.7,234,False,"['Spa and health club', 'Ayurvedic clinic']",ChIJrWLASRPtDzkR0FRPsdu1qS4,30.7223021,76.7612617,67,primary_cat
Herbalife associate / club / chandigarh mohali,Weight loss service,Chandigarh,160043,Chandigarh,"Sector 43-A, Sector 43, Chandigarh, 160043, India",+91 78883 91455,,4.8,24,False,['Weight loss service'],ChIJ9d6wEm7tDzkR3AbhTyp0NBY,30.7211843,76.7524087,25,primary_cat
Stepping Stones Football+Fitness Academy,Soccer club,Chandigarh,160036,Chandigarh,"Stepping stones school, 37D, Sector 37, Chandigarh, 160036, India",+91 98888 28637,,5,139,False,"['Soccer club', 'Fitness center', 'Soccer practice']",ChIJZfkfnc7tDzkRZMo811zZxm0,30.7382212,76.7453163,241,secondary_cat
BMS Nutrition & Wellness Centre: Best In Tricity,Wellness center,Chandigarh,160014,Chandigarh,"First Floor, SCO-86, Sector 38C, Sector 38, Chandigarh, 160014, India",+91 70872 02301,https://www.instagram.com/wellness_guru_raj?igsh=Ymw2aGc3NzMwanBp,4.9,147,False,"['Wellness center', 'Community health center', 'Fitness center', 'Health and beauty shop', 'Health consultant', 'Health counselor', 'Life coach', 'Nutritionist', 'Weight loss service', 'Wellness program']",ChIJ5TuNfWbtDzkRCQFBKppP9z8,30.7433253,76.7446987,21,primary_cat
Yogabhyasa Studio,Yoga studio,Chandigarh,160023,Chandigarh,"kala Kendra, Plot number 28,29, Sector 24C, Sector 24, Chandigarh, 160023, India",+91 84271 60352,https://boroktimes.com/chandigarh-player-parbhakar-yoga-artist-won-14-madles-in-different-sports-senior-national-championships/,5,538,False,"['Yoga studio', 'Dance club', 'Karate club', 'Physical fitness program', 'Swim club', 'Taekwondo school', 'Yoga instructor', 'Yoga retreat center']",ChIJJY1mctntDzkRjgL3jhjrCg0,30.7401927,76.7577368,4870,primary_cat
Free Bird Warrior Gym,Gym,Chandigarh,160036,Chandigarh,"Sco 214, 40D, Sector 40D, Chandigarh, 160036, India",+91 84400 05494,,4.9,106,False,"['Gym', 'Fitness center']",ChIJRxHNEFvvDzkRkamn_hoMHj0,30.7371328,76.7326534,45,primary_cat
DreaMuscle Gym,Gym,Chandigarh,160036,Chandigarh,"Quiet, OFFICE, 7, above Axis Bank & Vivo Store, Sector 40B, Chandigarh, 160036, India",+91 88377 18745,,4.1,100,False,['Gym'],ChIJZ7RvD5ntDzkRmhD2OnRuxd4,30.735867,76.736373,28,primary_cat
CHAUDHARY GYM(Boys),Fitness center,Chandigarh,160025,Chandigarh,"Lambardar Market, near Maszid, Maloya, Chandigarh, 160025, India",+91 81462 15797,,4.9,51,False,['Fitness center'],ChIJgVfOm8XvDzkRibS9GC5z-m0,30.7551327,76.718953,19,primary_cat
Solid Health Gym,Fitness center,Chandigarh,160014,Chandigarh,"Sco. 1, Sco. 1 Near S.S.N model school Village dadu Majra Chandigarh sector 38, near Chandigarh State, Daddu Majra Colony, Chandigarh, 160014, India",,,4.6,33,False,['Fitness center'],ChIJjai9K_DvDzkRrKhSlN8PARQ,30.7571926,76.733093,17,primary_cat
Sabar - A Healing Gym,Fitness center,Chandigarh,160014,Chandigarh,"First and Second floor, SCO - 318, Sector 38-D, Sector 38, Chandigarh, 160014, India",+91 78887 47850,,5,70,False,['Fitness center'],ChIJZ0popO7tDzkRp04bGKUHMkw,30.7464214,76.7434639,78,primary_cat
Pro Athlete Fitness Gym,Gym,Chandigarh,160047,Chandigarh,"682, 2nd floor, Keshoram Complex, gali no. 9, Burail, Ekta Market, Burail Village, Sector 45, Chandigarh, 160047, India",,,4.7,18,True,['Gym'],ChIJxaZVUxvtDzkRtljdvI5xCpE,30.7051757,76.7589719,19,primary_cat
Maxx Fit GYM,Gym,Chandigarh,160014,Chandigarh,"QP2V+F4C, Daddu Majara Colony Rd, Sector 38 West, Sector 38, Chandigarh, 160014, India",,,5,3,True,['Gym'],ChIJxZJ8RvrtDzkR7zegle-e8QM,30.7511912,76.7427759,3,primary_cat
C G H S Wellness Centre,Wellness center,Chandigarh,160047,Chandigarh,"2056/2, Sukhna Path, Burail, Sector 45C, Sector 45, Chandigarh, 160047, India",+91 1800 208 8900,,3.2,212,True,['Wellness center'],ChIJ1x6tREbsDzkRPd5GhkxDBrM,30.7043549,76.7606631,61,primary_cat
Healthy Living Ways,Weight loss service,Chandigarh,160014,Chandigarh,"H. No. 207 Sector 38A, Ground Floor, Chandigarh 160014, India",+91 98784 91982,,,,True,"['Weight loss service', 'Fitness center', 'Health consultant', 'Nutritionist', 'Wellness center']",ChIJ_3U6jFDtDzkRQDv_2ByUJ0k,30.7482714,76.7468423,2,primary_cat
Chandigarh Wellness Centre,Wellness center,Chandigarh,160047,Chandigarh,"Old U.T, Polyclinic Building, Sector 45C, Sector 45, Chandigarh, 160047, India",+91 172 263 0692,https://visualize.data.gov.in/?inst=8eede3a2-1652-49eb-bd7f-48ae3ea7a11e,5,2,True,['Wellness center'],ChIJ____j0fsDzkRSbJaj4HLYnU,30.7040671,76.7574581,1,primary_cat
Heavenly touch,Spa and health club,Chandigarh,160022,Chandigarh,"second floor, Sco 415-416, near gopal sweets, 35C, Sector 35, Chandigarh, 160022, India",+91 98963 04255,https://heavenlytouchspa.in/,5,5,False,['Spa and health club'],ChIJXeIdxgPtDzkRDRrgyHrshKc,30.7225608,76.7589008,15,primary_cat
RK Crossfit Arena,Martial arts club,Sahibzada Ajit Singh Nagar,160055,Punjab,"SCF 41-42, Phase 6, Sector 56, Sahibzada Ajit Singh Nagar, Punjab 160055, India",+91 70152 34783,,5,10,False,"['Martial arts club', 'Boxing club', 'Boxing gym', 'Freestyle wrestling', 'Gym', 'Kickboxing school', 'Physical fitness program', 'Physical therapist', 'Sports school', 'Wrestling school']",ChIJma5gXbbvDzkRmPR1SYoGHvE,30.735454,76.7165753,15,secondary_cat
Muscle Nation,Gym,Chandigarh,160036,Chandigarh,"SCO 140, Sector 40C, Sector 40B, Chandigarh, 160036, India",,,5,26,False,['Gym'],ChIJ621w3kftDzkRTo8jzqfCeHY,30.7367542,76.7349956,16,primary_cat
GLAXY GYM,Gym,Chandigarh,160047,Chandigarh,"S.C.O 28 ,first floor sector 45, Burail, Burail Village, Sector 45, Chandigarh, 160047, India",+91 98771 10649,,3,2,True,['Gym'],ChIJN_fJz5DtDzkRCyv-gNdIh80,30.709646,76.7599079,9,primary_cat
Oz Gym | Pool | Cardio,Gym,Chandigarh,,Chandigarh,"Sector 38-D, Sector 38, Chandigarh, 160014, India",,,,,True,['Gym'],ChIJua49peXtDzkRh53BPIc8Gns,30.7464065,76.7431531,1,primary_cat
Syndicate Gym Industries | Gym equipment manufacturer Chandigarh,Fitness equipment wholesaler,Chandigarh,160014,Chandigarh,"Shop no, 255, Sector 38C, Chandigarh, 160014, India",+91 93169 70498,http://www.gymmanufacturer.com/,5,1,False,['Fitness equipment wholesaler'],ChIJUxPZgfvtDzkR1ANBECBKmiI,30.7389823,76.7426535,1,title_keyword
NK treadmill & Gym Repair,Repair service,Chandigarh,160036,Chandigarh,"Sco 220, 1st floor, adjoining Sculpt Gym, 40D, Sector 40D, Chandigarh, 160036, India",+91 98889 88388,,4.4,21,False,['Repair service'],ChIJPR2ApwjvDzkRI-K3JTEmQnI,30.7368475,76.7316829,21,title_keyword
Elite Boxing Club (NIS Coach - Shubham),Boxing club,Chandigarh,160043,Chandigarh,"PQ73+C62, 44B, Sector 44, Chandigarh, 160043, India",,,4.8,24,True,['Boxing club'],ChIJyVwgjJftDzkRJTSooPxc6iQ,30.7135189,76.7530032,4,title_keyword
Team wind chasers skating academy (Sec 44),Roller skating rink,Chandigarh,160043,Chandigarh,"St. Joseph sr. sec. School, sector 44, Chandigarh, 160043, India",+91 88723 00065,https://twcsportsclub.com/,4.9,286,False,"['Roller skating rink', 'Fitness center', 'Roller skating club', 'Skating instructor', 'Sports school']",ChIJDVwG9DPsDzkREeHuYrqfyqg,30.7122336,76.7506512,134,secondary_cat
Royal Club Of Martial Arts,Martial arts school,Chandigarh,160043,Chandigarh,"behind Mini Market, 43B, Sector 43, Chandigarh, 160043, India",+91 97809 33534,https://m.facebook.com/533679543338476/,3.9,8,False,['Martial arts school'],ChIJPSfcXsrtDzkRf-8OqYGy0mY,30.7187098,76.7536596,27,title_keyword
Bodymassage,Spa and health club,Chandigarh,160025,Chandigarh,"Maloya, Chandigarh, 160025, India",,,,,False,['Spa and health club'],ChIJt74YBgDvDzkRDSiV2gcbJ70,30.7574045,76.7212738,8,primary_cat
Happy Dhankhar,Personal trainer,,,,,+91 62833 44166,http://www.instagram.com/bheem_singh_dhankhar,5,59,False,"['Personal trainer', 'Dietitian', 'Service establishment', 'Nutritionist']",ChIJd0yAoP3tDzkRTZs1agKwwnQ,30.7176821,76.7733048,18,primary_cat
BLACK DRAGON INTERNATIONAL MARTIAL ARTS ACADEMY,Martial arts school,Chandigarh,160036,Chandigarh,"Sector 40B, Chandigarh, 160036, India",+91 95011 11748,https://youtube.com/@vk91633?si=aIf6fA7uHQuhQM-k,5,2,False,"['Martial arts school', 'Martial arts club']",ChIJ03FM3uvtDzkRDsr_UpQ_xMw,30.7360273,76.7368539,10,title_keyword
Jasmine Kaur - Founder of Healthy Ageing Hub,Weight loss service,Chandigarh,160022,Chandigarh,"1929, Fitness Studio(Basement), Sector:34-D, Chandigarh 160022, India",,https://connecteacbef.clickfunnels.com/me,5,1,False,['Weight loss service'],ChIJJ73rVlDtDzkRdBBke5ibDws,30.7205368,76.7634431,1,primary_cat
Blossom spa and saloon,Spa and health club,Chandigarh,160104,Chandigarh,"1st floor, tulip plaza, Sco 5, above j&k bank, Chandigarh, 160104, India",,,,,True,['Spa and health club'],ChIJF09zCwXtDzkRxFn2wI945Nc,30.724864,76.7650033,1,primary_cat
"Pro Ultimate Gyms - Sector 40 B, Chandigarh",Gym,Chandigarh,160036,Chandigarh,"1st & 2nd Floor, Quite Office No. 6, Sector 40B, Chandigarh, 160036, India",+91 95226 00040,https://www.proultimategyms.in/,4.8,16,False,['Gym'],ChIJT7Wjbc7tDzkRieTpafJzNZc,30.7361045,76.7362184,3,primary_cat
yoga classes(fit by yoga studio),Yoga studio,Chandigarh,160036,Chandigarh,"house no 3017, 40D, Sector 40D, Chandigarh, 160036, India",+91 88475 61118,,5,52,False,['Yoga studio'],ChIJ0XS0OLDvDzkRygBmEBCOmUk,30.7369293,76.7327236,62,primary_cat
Yoga In Nerves,Yoga studio,Chandigarh,160062,Chandigarh,"Yoga in Nerves,3045/A first floor residential welfare society, Sector 52, Chandigarh, 160062, India",+91 70180 19553,https://yogainnerves.exlyapp.com/,5,45,False,['Yoga studio'],ChIJJ9XAZRntDzkRlp8qKvbVnmo,30.7108626,76.735621,20,primary_cat
Satvic yoga classes,Yoga studio,Chandigarh,160036,Chandigarh,"Sector 40B, Chandigarh, 160036, India",+91 70099 42121,https://youtube.com/@Satvicyogasingta,5,33,False,"['Yoga studio', 'Yoga retreat center', 'Yoga instructor']",ChIJx7YLzsYAZkgRNR08JpUK21w,30.7384787,76.7381558,1,primary_cat
YogAahar,Yoga studio,Chandigarh,160036,Chandigarh,"Ground Floor, SCO 186, Sector 38C, Sector 38, Chandigarh, 160036, India",,https://yogaahar.com/,5,19,False,"['Yoga studio', 'Dietitian']",ChIJE0aAxjDtDzkRo7DGxY0AjKs,30.7450411,76.7432206,17,primary_cat
Shavasana Yoga Studio,Yoga studio,Chandigarh,160017,Chandigarh,"660, Sector 40A, Block A, Chandigarh, 160017, India",+91 75595 55531,,5,1,False,['Yoga studio'],ChIJC08OxLTtDzkR3228yJ3T9NA,30.7411575,76.7378101,2,primary_cat
Yogkoshal,Yoga studio,Chandigarh,160043,Chandigarh,"The Customs & Central Excise Cooperative Housing Board Society, 1098/1, Sector 51B, Sector 51, Chandigarh, 160043, India",+91 94784 43144,https://yogkoshal.grexa.site/,5,29,False,"['Yoga studio', 'Fitness center', 'Massage therapist', 'Meditation center', 'Meditation instructor', 'Nutritionist', 'Personal trainer', 'Weight loss service', 'Wellness center', 'Yoga instructor']",ChIJ7T1gxb7tDzkR1UbQLW1SLVA,30.7060563,76.7438862,24,primary_cat
Training in Tricity - Personal Women Trainer - Zumba - Aerobics - yoga - various dance forms - wedding choerography,Women's personal trainer,Chandigarh,160047,Chandigarh,"45D, Sector 45, Chandigarh, 160047, India",+91 98887 78677,https://fitwithjyoti.carrd.co/,4.9,30,False,"[""Women's personal trainer"", 'Physical fitness program', 'Weight loss service']",ChIJ1axhBuW2SIgRKnDz3wWYlvQ,30.706559,76.7545961,85,secondary_cat
Yogic Amritdhara,Yoga studio,Chandigarh,160043,Chandigarh,"SCO 252 Ground Floor, 44C, Chandigarh, 160043, India",+91 63978 30974,,5,37,False,"['Yoga studio', 'Yoga retreat center', 'Yoga instructor']",ChIJ9ZnR36rtDzkRAqNkKAMLFe0,30.7127103,76.7521407,8,primary_cat
Sambhav Yog,Yoga studio,Chandigarh,160014,Chandigarh,"1528, Sector 38 B Rd, Sector 38B, Sector 38, Chandigarh, 160014, India",+91 88007 88118,,5,23,False,['Yoga studio'],ChIJb9Xew-HtDzkRfKGtU9d_CQ8,30.7441778,76.7500597,24,primary_cat
Sthir Yoga & Wellness,Yoga studio,Chandigarh,160036,Chandigarh,"House no. 202, First Floor, Sector 37A, Sector 37, Chandigarh, 160036, India",+91 98174 27323,,5,9,False,['Yoga studio'],ChIJKWk5k7XtDzkRlkDgcwuPh-k,30.7406668,76.7502424,38,primary_cat
Plexus Yoga | Home Classes,Yoga studio,Chandigarh,160023,Chandigarh,"kala Kendra, Plot number 31, Sector 24C, Sector 24, Chandigarh, 160023, India",,https://www.plexusyoga.in/,5,2,False,['Yoga studio'],ChIJ_fbleuDtDzkRDnLiwN2n_Xc,30.7444968,76.7610278,66,primary_cat
TheDetoxYoga,Yoga studio,Chandigarh,160022,Chandigarh,"35B, Sector 35, Chandigarh, 160022, India",,https://thedetoxyoga.com/,,,False,['Yoga studio'],ChIJ0RKTXALtDzkRyCyIjsMMYWY,30.7242285,76.7649521,22,primary_cat
Kalyankari Yoga Studio,Yoga studio,Chandigarh,160022,Chandigarh,"1562, 34D, Sector 34, Chandigarh, 160022, India",+91 6284 684 772,https://kalyankariyogastudio.com/,4.9,33,False,"['Yoga studio', 'Counselor', 'Meditation center', 'Physical therapy clinic', 'Psychologist']",ChIJqUOPLN7tDzkRUFXo74wZz7c,30.718973,76.759988,41,primary_cat
Yin aerial Yoga,Fitness center,Chandigarh,160022,Chandigarh,"Sco 369- 370 Second Floor, above Au Small Finance Bank, 35B, Chandigarh, 160022, India",,,4.6,17,False,['Fitness center'],ChIJ_UVEVpHtDzkRIqnKeVClVjQ,30.7238013,76.7633787,26,primary_cat
PH WELLNESS & FITTNESS CENTRE,Health consultant,Chandigarh,160043,Chandigarh,"H, 2307, opposite First Baptist Church, 44C, Sector 44, Chandigarh, 160043, India",+91 83174 91324,https://www.instagram.com/fitnesscoachpunam?igsh=MXhnbG03bHp6NjUzbA%3D%3D&utm_source=qr,4.9,89,False,"['Health consultant', 'Fitness center', 'Weight loss service']",ChIJTdZhItntDzkRe-VfejBhaMw,30.7097973,76.7516081,72,secondary_cat
Legacee Gyms & Spa,Fitness center,Chandigarh,160022,Chandigarh,"4th Floor, SCO 23-24-25, Sector 34A, Sector 34, Chandigarh, 160022, India",+91 97800 34111,https://legacee-gyms-spa-gym.grexa.site/,4.7,275,False,"['Fitness center', 'Athletic club', 'Gym', 'Gymnastics club', 'Personal trainer', 'Physical fitness program', 'Sports club', 'Training center', 'Weight loss service', 'Weightlifting area']",ChIJReQ43pPtDzkRr9H3PIM99jM,30.7242331,76.7693418,105,primary_cat
Oxizone Fitness & Spa,Gym,Chandigarh,160014,Chandigarh,"Sco 321, Sector 38-D, Sector 38, Chandigarh, 160014, India",+91 90410 33777,https://www.oxizonefitness.com/,4.4,707,False,"['Gym', 'Aerobics instructor', 'Body shaping class', 'Fitness center', 'Weight loss service', 'Weightlifting area', ""Women's personal trainer"", 'Yoga studio']",ChIJw3q4uuXtDzkRtYFysKSlP8o,30.7463655,76.7431102,389,primary_cat
Fitness sports 369,Fitness center,Chandigarh,160047,Chandigarh,"no 2278, 1, Sector 45C, Sector 45, Chandigarh, 160047, India",+91 97793 77778,,5,6,False,['Fitness center'],ChIJvZ6Cmy_tDzkRNGDwXDVRxgY,30.7045199,76.7559816,145,primary_cat
Rjfitness,Personal trainer,Chandigarh,160047,Chandigarh,"3114, Sector 45D, 45D, Sector 45, Chandigarh, 160047, India",+91 82645 06198,,5,25,False,['Personal trainer'],ChIJYzx1oCztDzkRMmiuGEHn-4o,30.7048215,76.7541979,32,primary_cat
Workout with Sim,Fitness center,Chandigarh,160036,Chandigarh,"near Vivek High School, Sector 38A, Sector 38, Chandigarh, 160036, India",+91 96469 96043,,5,7,False,['Fitness center'],ChIJqWqjQEDtDzkRVran8OqamgY,30.7453766,76.7480854,20,primary_cat
Fitness Matters,Learning center,Chandigarh,160022,Chandigarh,"First Floor, SCO 3013, near Malwa Tyres, Sector 22D, Sector 22, Chandigarh, 160022, India",+91 98880 28021,https://www.fitnessmatters.org/,4.8,241,False,"['Learning center', 'Charter school', 'Educational institution', 'Training center']",ChIJG4VtazTsDzkR_exD3qhDD20,30.7308806,76.7652234,49,title_keyword
Yogatube,Yoga studio,Chandigarh,160017,Chandigarh,"Sector 51A, Sector 51, Chandigarh, 160017, India",+91 98726 30077,,,,False,['Yoga studio'],ChIJMQ5u9G7tDzkR488eNBgzAOY,30.7078382,76.7428481,1,primary_cat
Sweat N Shape Fitness Studio,Fitness center,Chandigarh,160023,Chandigarh,"house no. 3164, sector 23D, Sector 23, Chandigarh, 160023, India",+91 98888 80187,https://www.sweatnshape.wordpress.com/,4.6,49,False,['Fitness center'],ChIJcZR48ELtDzkReQHqMR1S2N0,30.7383706,76.7646068,0,primary_cat
Reborn Fitness,Fitness center,"Ludhiana, Chandigarh",160043,Punjab,"SCO NO 40, 41 Sector 39, Chandigarh Rd, opposite Sikh Missionary Road, Sector 44D, Sector 44, Ludhiana, Chandigarh, Punjab 160043, India",+91 80540 60777,,5,11,False,['Fitness center'],ChIJW0ogubftDzkR1aeTPsMwTwk,30.709812,76.7480641,4,primary_cat
New Horizon Fitness Zone,Fitness center,Sahibzada Ajit Singh Nagar,160055,Punjab,"458, Phase 6, Sector 56, Sahibzada Ajit Singh Nagar, Punjab 160055, India",+91 81120 60050,https://newhorizonfitnesszone.my.canva.site/,5,13,False,['Fitness center'],ChIJPzCP503vDzkRCYYGlsT_ZxI,30.7357882,76.7149679,39,primary_cat
Reflex Gym,Gym,Chandigarh,160043,Chandigarh,"inside Shri Chaitanya School, Sector 44 B, 44B, Sector 44, Chandigarh, 160043, India",+91 86993 49645,https://reflexgym44.com/,4.6,117,False,['Gym'],ChIJq6rmAUrsDzkR56AKjKXbRfk,30.713495,76.7565646,38,primary_cat
Rock 'n' Roll Dance Modeling Acting Academy Chandigarh,Dance school,Chandigarh,160022,Chandigarh,"Sco 288 First Floor, above Raymond showroom, Market 35 D, Sector 35D, Sector 35, Chandigarh, 160022, India",+91 98889 99989,https://www.rocknrollchandigarh.com/,5,85,False,"['Dance school', 'Ballet school', 'Fitness center', 'Guitar instructor', 'Modeling agency', 'Salsa classes', 'Vocal instructor', 'Wedding service', 'Yoga instructor', 'Yoga studio']",ChIJVcBik6DtDzkRCADIvAj5E1I,30.7267155,76.7577877,40,secondary_cat
VZN Fitness,Gym,Chandigarh,160030,Chandigarh,"SCO-69, Sector-31C, Sector 31, Chandigarh, 160030, India",+91 85568 64571,https://vznfitness.com/,4.9,101,False,"['Gym', 'Dance hall', 'Fitness center', 'Yoga studio']",ChIJ-asrwiHtDzkR6lrT9XHVwiY,30.7023018,76.7813783,91,primary_cat
Octane Fitness Sector 32,Gym,Chandigarh,160030,Chandigarh,"S.C.O, 282, Sector 32D, Sector 32, Chandigarh, 160030, India",+91 76969 96879,,4.8,441,False,"['Gym', 'Fitness center']",ChIJi_tHqHXtDzkRWjdrauxw5aM,30.7089962,76.7740729,74,primary_cat
"Pro Ultimate Gyms - Sector 32, Chandigarh",Gym,Chandigarh,160030,Chandigarh,"SCO 66-67, Floor, 1-2, C-D, Sector 32, Chandigarh, 160030, India",+91 99272 00032,https://proultimategyms.in/,4.8,725,False,['Gym'],ChIJlYXLAjPtDzkR6CQhVzLHK4g,30.7074775,76.7754713,65,primary_cat
Pro Ultimate Gyms Sector 34A Chandigarh,Gym,Chandigarh,160022,Chandigarh,"third floor, SCO 358&359, Sector 34A, Sector 34, Chandigarh, 160022, India",+91 98885 10034,https://proultimate.com/,4.8,194,False,['Gym'],ChIJmZ_t5dTtDzkR5tCWwNyRAGc,30.7221196,76.7675366,49,primary_cat
Vault By Virat Kohli Chandigarh,Fitness center,Chandigarh,160009,Chandigarh,"SCO 156-160, Sector 8C, Sector 8, Chandigarh, 160009, India",+91 97790 01444,https://www.vaultbyviratkohli.com/,4.8,114,False,['Fitness center'],ChIJg8e_I7jtDzkRWtukgY4MMTE,30.7361485,76.7957064,51,primary_cat
The Healing Cosmos,Yoga studio,Chandigarh,160036,Chandigarh,"first floor, SCO-68, Sector 40C, Sector 40D, Chandigarh, 160036, India",+91 98739 17533,,5,35,False,"['Yoga studio', 'Counselor', 'Life coach', 'Meditation center', 'Numerologist', 'Reiki therapist', 'Yoga instructor', 'Wellness center']",ChIJly5t1CjvDzkRcKE_jZ6SVRo,30.7339734,76.7329396,43,primary_cat
TRI-CITY FITNESS GYM,Gym,Chandigarh,160019,Chandigarh,"SCO 25, Block C, Sector 27, Chandigarh, 160019, India",+91 98721 13831,,5,123,False,['Gym'],ChIJcfclgxftDzkR2PvyN-q_VAo,30.7212537,76.7996713,43,primary_cat
Instayog Salsa bachata kizomba zumba yoga classes,Salsa classes,Chandigarh,160022,Chandigarh,"sco 288, Market 35 D, Sector 35D, Sector 35, Chandigarh, 160022, India",,https://www.instayog.com/,5,10,True,['Salsa classes'],ChIJMbNXXmHtDzkRZg4quAXxVcQ,30.7267595,76.7579384,3,title_keyword
Shashvat Ayurveda Clinic and Panchkarma Centre Chandigarh,Yoga studio,Chandigarh,160036,Chandigarh,"SCO-326, 40D, Sector 40D, Chandigarh, 160036, India",+91 90560 44427,https://shashvatayurveda.com/,4.8,19,False,"['Yoga studio', 'Hospital', 'Medical clinic', 'Meditation center', 'Physical therapist', 'Physical therapy clinic', 'Yoga retreat center', 'Ayurvedic clinic']",ChIJY9lJhH7vDzkRmA93Ev6tRvI,30.739344,76.7314121,32,primary_cat
Patanjali Chikitsalaya Sector 45 Chandigarh,Yoga studio,Chandigarh,160047,Chandigarh,"SCO 47, Circular Road Burail, Burail, Ekta Market, Sector 45C, Sector 45, Chandigarh, 160047, India",+91 94170 59821,,3.6,26,False,"['Yoga studio', 'Health food store', 'Herbal medicine store', 'Indian grocery store', 'Health and beauty shop']",ChIJ4RaL5EfsDzkRgmldcKrJ-Wg,30.7064297,76.7577903,23,primary_cat
Advait Yog Siddhant,Yoga instructor,,,,,+91 88941 98130,http://www.advaityogsiddhant.com/,4.9,81,False,"['Yoga instructor', 'Service establishment']",ChIJcS5gb5ftDzkRsVZ-cL19F_w,30.7322804,76.7707136,44,primary_cat
Maharishi Yoga Health Foundation,Yoga studio,Chandigarh,160022,Chandigarh,"Ground Floor, Sco 128-129, Sector 34A, Sector 34, Chandigarh, 160022, India",+91 98884 66604,https://maharishiyoga.in/,4.8,49,False,"['Yoga studio', 'Dance club', 'Meditation instructor', 'Physical fitness program', 'Training center', 'Yoga instructor']",ChIJSyUuvePtDzkRBS5dY_KoY8k,30.7220741,76.7689245,112,primary_cat
The Happy Stretch,Yoga studio,Chandigarh,160020,Chandigarh,"HDFC Bank, SCO 9, 2nd Floor, Inner Market, Landmark:, Sector 20D, Sector 20, Chandigarh 160020, India",+91 78886 54917,,4.8,81,False,"['Yoga studio', 'Fitness center']",ChIJpUIgItbtDzkRMl6G1sOlfi8,30.7223265,76.7792857,335,primary_cat
Prime Yoga Studio,Yoga studio,Chandigarh,160047,Chandigarh,"SCO-364, Sector 32D, Sector 32, Chandigarh, 160047, India",+91 98141 90365,,4.9,17,False,"['Yoga studio', 'Aerobics instructor']",ChIJqTzA2ebtDzkRcOTvFm7_KyE,30.709462,76.773102,32,primary_cat
"Aarogya Yoga | Meditation, Yoga, and Wellness Studio",Yoga studio,Chandigarh,160043,Chandigarh,"House, Number 10C, Army Flats, C-10, near Gurudwara, Sector 44 A, 44B, Sector 44, Chandigarh, 160043, India",+91 94784 23792,https://www.aarogyayoga.com/,5,58,False,['Yoga studio'],ChIJG8mO4QntDzkRg5Jp3omSr4U,30.7138445,76.7533893,10,primary_cat
Sansar Yoga Studio,Yoga instructor,Chandigarh,160002,Chandigarh,"Prachin Khera Shiv Mandir, Sector 28 D, Sector 28, Chandigarh, 160002, India",,,5,70,False,['Yoga instructor'],ChIJg5od5lrtDzkRK2Uzj8Ir2xc,30.7138984,76.7983994,2,primary_cat
Krishnamacharya Ashtanga Viniyoga,Yoga studio,Chandigarh,160020,Chandigarh,"279, Sector 33 Market Rd, 33A, Sector 33, Chandigarh, 160020, India",+91 78892 81286,http://www.kavyoga.com/,5,78,False,['Yoga studio'],ChIJHbXTPyPtDzkR7_XF0IED_gQ,30.7185482,76.7727794,88,primary_cat
The Kings Academy of Martial Arts,Gym,Chandigarh,160020,Chandigarh,"SCO 29, Top Floor, Near Landmark Hospital, Sector 33 D, opp. Terrace Garden, Chandigarh, 160020, India",+91 97800 55644,https://mmagymchd.com/,4.9,227,False,"['Gym', 'Boxing gym', 'Fitness center', 'Martial arts club', 'Jujitsu school', 'Kickboxing school', 'Muay Thai boxing gym', 'Personal trainer', 'Self defense school', 'Weight loss service']",ChIJP6J_BlLsDzkR7Mn4vbvsZdA,30.7134814,76.7693901,226,primary_cat
Yoga & Fitness Classes,Yoga studio,Chandigarh,160030,Chandigarh,"Sector 31 A, 12wing AFFWA, Sanchita, Chandigarh, 160030, India",+91 80909 94845,https://www.instagram.com/yogacoachsushmita?igsh=bjVhcTJsODZqamhl,4.9,25,False,['Yoga studio'],ChIJB2GBNwDtDzkRbjnKF8PSqq0,30.7048755,76.7808593,45,primary_cat
Fitness Fuel,Fitness center,Chandigarh,160034,Chandigarh,"SCO 334, Sector 34A, Sector 34, Chandigarh, 160034, India",+91 87279 41012,,,,False,['Fitness center'],ChIJYS7YUu7tDzkRT1eo6OPqMB8,30.7220382,76.7666352,1,primary_cat
BTF Gym Chandigarh,Gym,Chandigarh,160022,Chandigarh,"SCO 1076-1077, Sector 22B, Sector 22, Chandigarh, 160022, India",+91 77195 60422,https://boxtofit.in/,4.7,35,False,"['Gym', 'Boxing club', 'Fitness center', 'Personal trainer']",ChIJl3jFCWjtDzkRlIl38MTNA0U,30.7329693,76.7781255,36,primary_cat
Focus Fitness by Neha,Fitness center,Chandigarh,160020,Chandigarh,"House # 604, First Floor, Sector 33B, Chandigarh, 160020, India",+91 99147 07819,,5,65,False,"['Fitness center', 'Nutritionist', 'Physical fitness program']",ChIJIdE5S6jtDzkRmiVx-cgsWO0,30.7127355,76.7736961,50,primary_cat
Octane Fitness sector 15,Gym,Chandigarh,160015,Chandigarh,"Sco 70-71, 15D, Sector 15, Chandigarh, 160015, India",+91 99159 40115,,4.5,546,False,"['Gym', 'Fitness center']",ChIJ75UQrAbtDzkRMAX4iMq5DDg,30.7541355,76.7702378,46,primary_cat
Gym13 Sector 22,Gym,Chandigarh,160022,Chandigarh,"SCO 1106 -7 Top Floor, above Toy Mart, Sector 22B, Chandigarh, 160022, India",+91 98572 90013,http://www.gym13.in/,4.6,222,False,['Gym'],ChIJ_5Sml5_tDzkRE3XoahPCqbk,30.7317951,76.7763884,62,primary_cat
gym,Gym,Chandigarh,160022,Chandigarh,"SCO 165-167, Sector 34A, Sector 34, Chandigarh, 160022, India",,,,,False,['Gym'],ChIJpTQjBS3tDzkRW4MJAanR3wk,30.723306,76.7661137,0,primary_cat
Freedom2dance Studio,Dance school,Chandigarh,160030,Chandigarh,"TOP FLOOR, SCO - 291, Sector 32D, Sector 32, Chandigarh, 160030, India",+91 80541 73711,https://www.facebook.com/expresstovipul/,5,278,False,"['Dance school', 'Fitness center']",ChIJh7hYSVfsDzkRSUN3ITLyA9k,30.7089985,76.7743254,81,secondary_cat
yoga at home,Yoga instructor,Chandigarh,160020,Chandigarh,"A, 20c, 20C, Sector 20, Chandigarh, 160020, India",+91 98761 37506,,5,49,False,['Yoga instructor'],ChIJQ6CiWwDtDzkRSFDDG_qapiA,30.718792,76.782192,11,primary_cat
Divine Yoga Centre,Yoga studio,Chandigarh,160047,Chandigarh,"449, Shanti Path, Sector 46A, Sector 46, Chandigarh, 160047, India",+91 90232 92908,https://sites.google.com/view/divineyoganeelima/home,5,24,False,['Yoga studio'],ChIJXVqCt3LtDzkRzATOMkjJmfM,30.705327,76.768957,1,primary_cat
Secret Gym Society,Fitness center,Chandigarh,160015,Chandigarh,"Number 1170, 2nd Floor, Sector 15 B, House, Chandigarh, 160015, India",+91 62394 22232,https://secretgymsociety.com/?utm_source=ig&utm_medium=social&utm_content=link_in_bio&fbclid=PAb21jcAPIGThleHRuA2FlbQIxMQBzcnRjBmFwcF9pZA81NjcwNjczNDMzNTI0MjcAAaciHFr5emF2OPlXkGtyn7T1MVRoKmM31U7A6AEILWziYW-PKM00t1lLS4KWSQ_aem_AJNBC3_mDHJEkCIIw16pnA,5,9,False,"['Fitness center', 'Gym']",ChIJW_vL6mPtDzkR6zR-RORkWYM,30.7513614,76.7762419,21,primary_cat
Fire Gym,Gym,Chandigarh,160021,Chandigarh,"2nd Floor, Sco 38, Sector 21C, Market, Chandigarh, 160021, India",+91 99881 00075,,4.9,278,False,['Gym'],ChIJCw7DnantDzkR9qxgMpnvaFg,30.7259929,76.7770067,437,primary_cat
Bolt Gym and Spa - Best Gym in Chandigarh,Fitness center,Chandigarh,160022,Chandigarh,"SCO 2465-66, First & Second Floor, Sector 22C, Chandigarh, 160022, India",+91 172 506 0070,,4.2,458,False,['Fitness center'],ChIJpQcCVqTtDzkRZaUttlqmy_g,30.727617,76.7696912,141,primary_cat
Elite Edge Gym and Spa,Fitness center,Chandigarh,160022,Chandigarh,"4th Floor, Sector 34A, Sector 34, Chandigarh, 160022, India",+91 99883 83434,https://eliteedgegyms.com/,4.5,302,False,['Fitness center'],ChIJKbI3MALtDzkRESWBBAC6tg8,30.7233761,76.7676464,257,primary_cat
BINATE GYM,Gym,Chandigarh,160022,Chandigarh,"FIRST & SECOND FLOOR, SCO 1104-1105, Sector 22B, Sector 22, Chandigarh, 160022, India",+91 62399 51528,,5,107,False,['Gym'],ChIJmxkjon7tDzkREHimNsLPWyc,30.7318471,76.7764857,76,primary_cat
Body Scapes,Gym,Chandigarh,160022,Chandigarh,"SCO 100-101, 4th Floor, Magnam Towers, 160022, Sector 34A, Sector 34, Chandigarh, 160022, India",+91 172 264 5820,https://www.facebook.com/Bodyscapes-the-fitness-temple-1418251118386548/,4.7,653,False,['Gym'],ChIJVVVVFbPtDzkR6kRcPXz90Jo,30.7228085,76.7680584,74,primary_cat
Adhere To Fit - Professional personal trainer in chandigarh,Personal trainer,Chandigarh,160017,Chandigarh,"Sector 17A, Sector 17, Chandigarh, 160017, India",+91 98766 12001,https://adheretofit.com/,5,56,False,['Personal trainer'],ChIJD9ybV6vzDzkRbyZYStnGBC0,30.7399713,76.7828756,103,primary_cat
POWER LIFT GYM,Gym,Chandigarh,160047,Chandigarh,"SCO 1791, 2nd and 3rd Floor, opposite Dev Samaj College, Sector 45, Chandigarh, 160047, India",+91 79732 57499,,4.7,66,False,['Gym'],ChIJzW8UjlvtDzkRSG4k4KJ6y6o,30.7063447,76.7637858,52,primary_cat
Amshi Fitness,Fitness center,Chandigarh,160015,Chandigarh,"House Number 1170, 2nd Floor, B, 15B, Sector 15, Chandigarh, 160015, India",+91 98767 25092,https://amshi.fit/,5,22,False,['Fitness center'],ChIJHY1f5ZztDzkRFZtdo_ufbw0,30.7513603,76.7762424,47,primary_cat
DYFC Dharamvir yoga fitness classes,Personal trainer,Chandigarh,160020,Chandigarh,"TOP FLOOR, 241, Sector 20A, 20A, Sector 20, Chandigarh, 160020, India",+91 97806 07035,,5,40,False,['Personal trainer'],ChIJNfYP1eDsDzkRHYIlcuMIcrc,30.7226511,76.7816997,141,primary_cat
Yog Divya Mandir Eva Chikitsalay,Fitness center,Chandigarh,160030,Chandigarh,"Sukhna Path, Sector 30A, Sector 19C, Sector 19, Chandigarh, 160030, India",+91 172 265 7611,http://www.syaat.org/,4.6,63,False,['Fitness center'],ChIJ5bkFfP7sDzkRY25AJZqsVLE,30.7179239,76.78512,21,primary_cat
Átma Vṛtta,Yoga studio,Chandigarh,160022,Chandigarh,"ground floor, 1128, Sector 34C, Chandigarh, 160022, India",+91 97799 88840,,5,2,False,['Yoga studio'],ChIJu_WP0E7tDzkRtmxf5MMyrF4,30.7167581,76.7668608,4,primary_cat
"The Pilates Studio , Chandigarh",Pilates studio,Chandigarh,160017,Chandigarh,"S.C.O. Number 45, 46-47, Sector 17A, Chandigarh, 160017, India",+91 70094 61035,http://www.pilatesaltitude.com/,4.8,30,False,['Pilates studio'],ChIJ42RKDxrtDzkR03mMiGNqF-Y,30.7437061,76.7844812,8,primary_cat
Shri Jainath Yog,Yoga studio,Chandigarh,160023,Chandigarh,"Sector 23A, Sector 23, Chandigarh, 160023, India",+91 88501 32544,https://www.instagram.com/shrijainath_yog?igsh=MThobGp4aXpxeXgwNg==,5,1,False,['Yoga studio'],ChIJAQBKCNXtDzkRxPp3dea3X4Y,30.7424283,76.766835,13,primary_cat
FITNESS POINT - Your dream body destination,Gym,Chandigarh,160022,Chandigarh,"Top Floor, S.C.O. 45, Sector 21C, Sector 21, Chandigarh, 160022, India",+91 94171 11272,,4.2,68,False,['Gym'],ChIJNbW1dantDzkRkecraZxNO28,30.7262495,76.7768101,26,primary_cat
The Little Gym of Chandigarh,Gym,Chandigarh,160017,Chandigarh,"Top Floor, SCO 131-132, Shopping Plaza, 17C, Sector 17, Chandigarh, 160017, India",+91 81466 69894,http://www.thelittlegym.in/,4.9,31,False,['Gym'],ChIJtxKRFwDtDzkROhy6FatWzhc,30.7386387,76.7845314,21,primary_cat
Aman Kaushik | The Personal Fitness Trainer,Personal trainer,"Panchkula, Chandigarh",160036,Chandigarh,"Sector 41A, Sector 41, Panchkula, Chandigarh, 160036, India",+91 62801 16134,,5,102,False,['Personal trainer'],ChIJp9v3LeHtDzkRkFCjIyk-s6c,30.7340589,76.7391363,4,primary_cat
Gaurav Chanana Premium Personal Training,Personal trainer,Chandigarh,160043,Chandigarh,"House No 165, Sector 44 A, Sector 44, Chandigarh, 160043, India",+91 98143 01889,,4.9,194,False,"['Personal trainer', 'Coaching center', 'Weight loss service', 'Wellness program']",ChIJ23hoBZ6UDzkRFl6M-OlNYQ8,30.718331,76.756695,0,primary_cat
Weight Lose Trainer,Physical fitness program,Chandigarh,160036,Chandigarh,"Fragrance Garden Rd, Sector 36-D, Sector 36, Chandigarh, 160036, India",+91 70097 15459,,5,10,False,"['Physical fitness program', 'Personal trainer']",ChIJz8sFRZLtDzkRuA8eQhnDnpo,30.7324224,76.7584501,3,primary_cat
Dc Rana personal trainer,Personal trainer,Chandigarh,160020,Chandigarh,"Sector 20D, Sector 20, Chandigarh, 160020, India",+91 99147 42573,https://www.instagram.com/dcranacoaching?igsh=MWQwOXd0MnZkeGtjMA%3D%3D&utm_source=qr,5,28,False,['Personal trainer'],ChIJCVAF0s7tDzkRkJS0Loq0r-g,30.7213417,76.7812596,53,primary_cat
Yoga Classes in Chandigarh Personal Trainer,Yoga studio,Chandigarh,160009,Chandigarh,"House no, 44 44, Sector 9A, Sector 9, Sector 22, Chandigarh, 160009, India",+91 79883 54495,https://yogaclassesinchandigarh.com/,5,13,False,"['Yoga studio', 'Yoga instructor']",ChIJJZUptTPtDzkRmbJLHvQcNVE,30.7369084,76.7695982,25,primary_cat
Apna Yoga By Navneet Kaur Dhillon,Yoga studio,Chandigarh,160011,Chandigarh,"YMCA, Sector 11, Chandigarh, 160011, India",+91 98888 79991,,5,6,False,"['Yoga studio', 'Yoga retreat center']",ChIJ24snxzHtDzkRree_E2rrY2E,30.756775,76.785022,10,primary_cat
Yog manan,Yoga studio,Chandigarh,160020,Chandigarh,"Gugga madi mandir, 20C, Sector 20, Chandigarh, 160020, India",+91 99113 04836,,5,3,False,['Yoga studio'],ChIJK3Y7l5rtDzkROgSbkVVJc3w,30.7207026,76.7814034,12,primary_cat
Chandigarh Yoga classes,Community health center,Chandigarh,160030,Chandigarh,"PQ5F+QPQ, 32A, Sector 32, Chandigarh, 160030, India",,,,,True,['Community health center'],ChIJg1_xSwDtDzkR_NnbBxeYThk,30.709472,76.7743709,11,title_keyword
Yashu Fitness Energy Trainer,Personal trainer,Chandigarh,160020,Chandigarh,"Sector 20D, Sector 20, Chandigarh, 160020, India",+91 98124 44484,,5,4,False,['Personal trainer'],ChIJU-0thtvtDzkRPgp66BBnuCM,30.7213417,76.7812596,13,primary_cat
Fit90 Transformation - Personal Trainer In Chandigarh | Personal Trainer At home In Chandigarh,Personal trainer,Chandigarh,160022,Chandigarh,"1450, 35B, Sector 35, Chandigarh, 160022, India",+91 99888 87595,,4.4,14,False,"['Personal trainer', 'Massage spa', 'Meditation instructor', 'Nutritionist', 'Weight loss service', 'Yoga instructor']",ChIJBwAAELHtDzkRBWSeLqUHMhg,30.7248558,76.7646396,6,primary_cat
Fitness Physique First,Personal trainer,,,,,+91 98779 23728,https://followmysite.com/fitness,5,47,False,"['Personal trainer', 'Dietitian', 'Service establishment', 'Nutritionist', ""Women's personal trainer""]",ChIJbe3Yuqd1Tg4Rgtyj6yuqh9g,30.6956431,76.7694555,46,primary_cat
Raghav Fitness Expert,Personal trainer,,,,,+91 98774 12626,,5,10,False,"['Personal trainer', 'Service establishment']",ChIJ2x-59Tc_QAMRNjumjLYIA_o,30.729676,76.7733048,0,primary_cat
Sahil Netzach | EREPS Level-4 Certified Personal Trainer & Nutritionist in Chandigarh,Personal trainer,,,,,+91 89683 19611,,5,19,False,"['Personal trainer', 'Service establishment', 'Nutritionist']",ChIJA7r8gSztDzkRQC2lLue38g8,30.714269,76.7441818,4,primary_cat
Abhi Home Fitness,Personal trainer,,,,,+91 70114 11501,,,,False,"['Personal trainer', 'Service establishment']",ChIJBQ6Npc7Wh48RF7Z0sFGhC5M,30.7322804,76.7707136,19,primary_cat
Team GR - Personal fitness training,Personal trainer,,,,,+91 97797 11137,,,,False,"['Personal trainer', 'Service establishment']",ChIJ_19Y2u2_8AkRv2bGOaa291Y,30.7176821,76.7733048,7,primary_cat
"Tutor and You (Best Fitness and Yoga Trainers | Personal Trainers in Chandigarh, Mohali, Panchkula)",Personal trainer,,,,,+91 98153 03979,https://tutorandyou.com/,,,False,"['Personal trainer', 'Service establishment']",ChIJ6bsq2L00ICARnKtnPN16mQo,30.7176821,76.7733048,0,primary_cat
Yog Cafe,Yoga studio,Chandigarh,160015,Chandigarh,"House no 242, Shringaar, Opp Punajb Kala Bhawan, Near Rose Garden, Sector16-A, Chandigarh 160015, India",,http://www.kavalyoga.com/,5,42,False,['Yoga studio'],ChIJqZ6TvG3tDzkRe2ldKq_dNSE,30.7481742,76.7815415,35,primary_cat
sudharmastudio,Yoga studio,Chandigarh,160015,Chandigarh,"House No 595, 595, Sector 16 D, Sector 16, Chandigarh, 160015, India",,,4.1,45,False,"['Yoga studio', 'Homestay']",ChIJ2a-Owv7tDzkRUBdwuYKzzCs,30.7435191,76.7716615,31,primary_cat
Anytime Fitness,Gym,Chandigarh,160017,Chandigarh,"Sco No 98 to 100, 3rd Floor, 17D, Chandigarh, 160017, India",+91 98514 00048,https://www.anytimefitness.com/en-in/locations/chandigarh-chandigarh-in-1058,4.3,844,False,"['Gym', 'Fitness center']",ChIJrXp4KFDtDzkRu9LVK2l3JkM,30.7411606,76.7811243,284,primary_cat
Prakritik Chikitsa And Jeevan Kendra,Yoga studio,Chandigarh,160015,Chandigarh,"Gandhi Smarak Bhawan, Sector 16 A, Sector 16, Chandigarh, 160015, India",+91 172 277 0976,http://www.centralgandhismaraknidhi.org/,,,True,"['Yoga studio', 'Naturopathic practitioner']",ChIJNSs8IpztDzkRdoA3t3fA2L0,30.7479733,76.7755994,7,primary_cat
Healing Hands Chiro & Wellness Clinic,Yoga studio,Chandigarh,160022,Chandigarh,"ground, 1128, Sector 34C, Chandigarh, 160022, India",+91 83606 84694,https://www.healinghandschiroandwellnessclinic.com/,4.8,239,False,"['Yoga studio', 'Holistic medicine practitioner', 'Nutritionist', 'Physical therapy clinic', 'Chiropractor']",ChIJ_fgJXY3uDzkR7m5iBXtcr4Q,30.7167407,76.7668688,58,primary_cat
Yogastudio.fit,Yoga instructor,Chandigarh,160020,Chandigarh,"house no 3111, Sector 20D, Sector 20, Chandigarh, 160020, India",+91 91157 57474,,,,False,['Yoga instructor'],ChIJWbelGHztDzkR_92tN4eBQqE,30.7202641,76.7776536,3,primary_cat
Yogis Club,Fitness center,Chandigarh,160020,Chandigarh,"1288, Top Floor, Sector 33C, Sector 33, Chandigarh, 160020, India",+91 79736 10977,,4.9,93,False,['Fitness center'],ChIJVQqN2f7tDzkResHQJ7j0vZI,30.7111899,76.7688434,23,primary_cat
Gsky fitness,Gym,Chandigarh,160002,Chandigarh,"A , 2nd floor, 2, 406, Industrial Area Phase II, Chandigarh, 160002, India",,,4.9,64,False,['Gym'],ChIJJ1nTIG3tDzkR5GCJJ_d8IfM,30.6976271,76.782994,29,primary_cat
RM Studio,Fitness center,Chandigarh,160047,Chandigarh,"first floor, Sco no 51, near Punjab national bank, Sector 47C, 47C, Sector 47, Chandigarh, 160047, India",+91 83600 24287,https://www.instagram.com/robin.manothia?igsh=OG96cGQ4N3YzOHQw&utm_source=qr,5,96,False,"['Fitness center', 'Dance school']",ChIJm26t26ztDzkRmbe-MgAyE7I,30.6948827,76.7701949,63,primary_cat
Pro Ultimate Gyms - Sec 46 Chandigarh,Gym,Chandigarh,160047,Chandigarh,"SCO 65,66,67,68 , TOP FLOOR, Sector 46C, Sector 46, Chandigarh, 160047, India",+91 93567 04646,http://www.proultimategyms.in/,4.7,1359,False,"['Gym', 'Fitness center', 'Health spa', 'Spa and health club']",ChIJo_ZzCkPsDzkRIhhbzi7b7tU,30.6998852,76.7655639,114,primary_cat
Urban Dance Studio : Dance & Fitness Classes |Weeding Choreoghraphy.,Hip hop dance class,Chandigarh,160003,Chandigarh,"221 B, near lalan wala peer, Behlana, Chandigarh, 160003, India",+91 81461 26027,,5,1,False,['Hip hop dance class'],ChIJiZVmONztDzkRn2hgAUkgahA,30.6789767,76.8001314,8,title_keyword
Sonu Fitness Club,Gym,Chandigarh,160102,Chandigarh,"MAULI JAGRAN, Shop No #11 2nd floor Mauli pind main road, Mouli Pind Rd, near New govt school, Vikas Nagar, Chandigarh, 160102, India",+91 76962 53794,,4.3,3,False,['Gym'],ChIJnyI47mrtDzkR7_LJ8HOFHTk,30.6937219,76.8254959,11,primary_cat
Level Up Dance & Fitness Academy,Music store,Zirakpur,140604,Punjab,"Shop No 26, Harmilap Nagar, Phase 2, Baltana, Zirakpur, Punjab 140604, India",+91 82645 86961,,5,2,True,['Music store'],ChIJkcuQparsDzkRAAAAMBZNgTo,30.6798085,76.8252718,1,title_keyword
Dev Narayan sports,Fitness center,Chandigarh,160002,Chandigarh,"813, Industrial Area Phase II, Chandigarh, 160002, India",+91 99880 15779,,5,23,False,"['Fitness center', 'Fiber optic products supplier', 'Fiberglass supplier', 'Flooring contractor', 'Office furniture store', 'Shelter', 'Sheltered housing', 'Sports club', 'Sportswear store']",ChIJLflrQIjtDzkRF79W9teGQ2g,30.6948232,76.7800651,239,primary_cat
The Chhavi Dance N Fitness Studio,Dance school,Chandigarh,160047,Chandigarh,"Labour Bureau Society, Block A, Sector 49, Chandigarh, 160047, India",+91 94634 13993,,5,2,False,['Dance school'],ChIJ1zMLsGztDzkR1kjuhNmj0QQ,30.6965074,76.7550182,1,title_keyword
HAPPINESS CLUB,Wellness center,Chandigarh,160002,Chandigarh,"SHOP, Deep Complex, Hallo Majra, Chandigarh, 160002, India",+91 88999 28971,,,,False,['Wellness center'],ChIJh4G1wB7tDzkRjFJpdJ0nNis,30.6898365,76.7966191,3,primary_cat
Yoga With Pooja Kohli,Yoga studio,Chandigarh,160047,Chandigarh,"Flat No -1275, SILVERTONE SOCIETY, Sector 48B, Sector 48, Chandigarh, 160047, India",+91 92164 50506,https://www.instagram.com/yogawithpoojakohli,5,30,False,['Yoga studio'],ChIJM6XTwsXtDzkRCymakMIyLDo,30.6875586,76.7630267,22,primary_cat
Art of Living Yoga and Meditation Center(Happiness Program),Yoga studio,Sahibzada Ajit Singh Nagar,160062,Punjab,"Chandigarh Housing Board Flats, Phase 9, sector 63, Sahibzada Ajit Singh Nagar, Punjab 160062, India",+91 80545 00840,https://www.artofliving.org/in-en,5,126,False,"['Yoga studio', 'Meditation center', 'Wellness program']",ChIJ3TzznUXtDzkRD513rC-Sr0Y,30.6926863,76.7426489,23,primary_cat
Saraswati Yogpeeth,Yoga studio,Chandigarh,160047,Chandigarh,"S.C.O 69 Top floor, Sector 46C, Sector 46, Chandigarh, 160047, India",+91 94576 46566,,4.9,89,False,"['Yoga studio', 'Ayurvedic clinic', 'Meditation center']",ChIJZ2V5xIx5BTkRRL68MfQIfB0,30.7000829,76.7653439,856,primary_cat
Aarogya Sadan,Yoga studio,Chandigarh,160047,Chandigarh,"3175, Paradise Enclave, Sukhna Path, Sector 50D, Sector 50, Chandigarh, 160047, India",+91 98883 38575,http://www.aarogyasadan.com/,4.8,78,False,"['Yoga studio', 'Meditation instructor', 'Pilates studio', 'Yoga instructor', 'Yoga retreat center']",ChIJJVNc4j7sDzkRmIK8Kk0-JMk,30.700519,76.7460616,113,primary_cat
FOX CROSSFIT,Gym,Chandigarh,160047,Chandigarh,"Sector 46C, Sector 46, Chandigarh, 160047, India",+91 99159 82250,,5,1,False,['Gym'],ChIJDaxqUuvtDzkRwfqPpco2RCM,30.6978945,76.7626285,9,primary_cat
a fitness book,Gym,Chandigarh,160014,Chandigarh,"2nd floor, GTB Complex, above HDFC ATM, Dhanas, Chandigarh, 160014, India",+91 73473 43534,,4.9,183,False,['Gym'],ChIJKyvj5BrzDzkRg95tngHLDLY,30.7675845,76.7525017,50,primary_cat
Pulse Fitness,Gym,Chandigarh,160014,Chandigarh,"QQ93+26C, above Andhra Bank, Mahaveer Market, Dhanas, Chandigarh, 160014, India",+91 99881 18251,,4.1,97,False,['Gym'],ChIJHaWmWjXzDzkR0Md2rUskCZw,30.7676639,76.7529391,46,primary_cat
Muscle Pro-fit Fitness & Gym,Fitness center,Chandigarh,160014,Chandigarh,"Sector 14 West, HBC, Dhanas, Chandigarh, 160014, India",,https://muscleprofit.com/,,,False,['Fitness center'],ChIJNz3JrlHzDzkR7LEpgpUGMr8,30.7623919,76.7484206,1,primary_cat
Elite Fitness Hub,Gym,"Chandigarh, New Chandigarh",140901,Punjab,"DLF Mullanpur, Chandigarh, New Chandigarh, Punjab 140901, India",+91 62803 59062,,4,2,False,['Gym'],ChIJFQbPJezzDzkRMF_9W_QUaWA,30.7867856,76.7546039,0,primary_cat
Happy Gym and Fitness Center,Gym,Chandigarh,160014,Chandigarh,"Happy Complex, opposite Chaman Colony, Sector 14 West, Dhanas, Chandigarh, 160014, India",+91 98886 21012,http://www.facebook.com/HappyGymFitness,3.9,108,True,['Gym'],ChIJOWyPpgzyDzkRVjI1ZARlkDE,30.7683625,76.7558119,43,primary_cat
Kings Power Gym,Gym,"Chandigarh, Khudda Lahora",160103,Chandigarh,"150, BASEMENT), Village, Khudda Jassu, Khudda Lahora, Chandigarh, Khudda Lahora, Chandigarh 160103, India",+91 80542 50555,,4.6,123,False,['Gym'],ChIJ8W0C7HvyDzkRo2foFw37R2w,30.7734618,76.7710311,21,primary_cat
Club Pulse Piccadily,Gym,Chandigarh,160022,Chandigarh,"4th Floor, Piccadily Square Mall, Sector 34A, Sector 34, Chandigarh, 160022, India",+91 172 501 6161,,4.2,216,False,"['Gym', 'Aerobics instructor', 'Fitness center', 'Health consultant', 'Indoor swimming pool', 'Nutritionist', 'Orthopedic surgeon', 'Personal trainer', 'Spa and health club', 'Weight loss service']",ChIJwyq6GrLtDzkRWXgJaFQ234o,30.7236617,76.7675023,40,primary_cat
Urban Gym,Gym,Chandigarh,160022,Chandigarh,"SCO 148-149, Basement, Sector 34B, Sector 34, Chandigarh, 160022, India",,https://www.instagram.com/urbangym.chandigarh,4.7,116,False,"['Gym', 'Fitness center', 'Personal trainer', 'Physical fitness program', 'Training center', 'Weight loss service', 'Weightlifting area', ""Women's personal trainer""]",ChIJA_VlfbLtDzkR9z2xSFYFfKw,30.7218302,76.7700369,72,primary_cat
Muscle Arena,Gym,Chandigarh,160036,Chandigarh,"S.C.O 222, 2nd Floor, Sector 36-D, Sector 36, Chandigarh, 160036, India",+91 98889 41206,,4.4,150,False,['Gym'],ChIJ8y_tNMHtDzkRVj49Z4o5WN0,30.7340187,76.7526894,60,primary_cat
Fitness World,Gym,Chandigarh,160015,Chandigarh,"SCO-60/61, 15D, Sector 15, Chandigarh, 160015, India",+91 76962 63300,,4.3,407,False,['Gym'],ChIJy9zAuprtDzkRiwOkn--Orpo,30.7539793,76.7705941,61,primary_cat
Combat Fitness X,Fitness center,Sahibzada Ajit Singh Nagar,160062,Punjab,"THIRD FLOOR, SCF 105, Phase 10, Sector 64, Sahibzada Ajit Singh Nagar, Punjab 160062, India",+91 99888 93793,,4.8,38,False,['Fitness center'],ChIJOV4IFS3tDzkRjUrrelxF_bk,30.6839973,76.7417592,15,primary_cat
ULTIMATE FITNESS,Gym,Sahibzada Ajit Singh Nagar,160055,Punjab,"SCF 4-5, Level 1 & 2, Phase 11, Sahibzada Ajit Singh Nagar, Punjab 160055, India",+91 98887 45521,https://www.ultimatefitness.in/,4.8,1470,False,"['Gym', 'Fitness center', 'Health spa', 'Spa and health club']",ChIJEW_hVzXtDzkRPXmF72mZERs,30.6830235,76.7428866,116,primary_cat
Focus 2 Fitness Gym,Gym,Sahibzada Ajit Singh Nagar,160062,Punjab,"SCO 43-44, Phase 10, Sector 64, Sahibzada Ajit Singh Nagar, Punjab 160062, India",+91 98772 95004,,4.8,312,False,['Gym'],ChIJHacs2FztDzkRPhQqTuJGsRE,30.6864035,76.7385269,72,primary_cat
FitX Pro Fitness,Gym,Sahibzada Ajit Singh Nagar,160062,Punjab,"Level 2 & 3, SCO-62, 63 & 64, Phase 10, Sahibzada Ajit Singh Nagar, Punjab 160062, India",+91 97828 00046,,4.6,132,False,['Gym'],ChIJnWlSZlXtDzkRHLU-BNBzZBw,30.68551,76.7394696,51,primary_cat
Fitness Essential,Gym,Sahibzada Ajit Singh Nagar,140308,Punjab,"sec 68, Circular Rd, near park hospital, Kumbra Village, Sector 68, Kumbra, Sahibzada Ajit Singh Nagar, Punjab 140308, India",+91 79865 24438,,5,101,False,['Gym'],ChIJ8fcx7TLvDzkR2-OqMPVW-aw,30.6901132,76.7245119,33,primary_cat
Pro Ultimate Gyms - Medallion 68,Gym,Sahibzada Ajit Singh Nagar,160062,Punjab,"2nd Floor, Medallion 68, SCO 242-249, Sector 68, Kumbra, Sahibzada Ajit Singh Nagar, Punjab 160062, India",+91 77450 00068,https://www.proultimategyms.in/,4.7,186,False,['Gym'],ChIJgYAtFaTvDzkRHR5YLl8UWpQ,30.6830132,76.726975,35,primary_cat
The Pump House Gym,Gym,Sahibzada Ajit Singh Nagar,160062,Punjab,"Phase 10, Scf 11-12, Phase 10, Sector 64, Sahibzada Ajit Singh Nagar, Punjab 160062, India",,,4.7,185,False,"['Gym', 'Fitness center', 'Weight loss service', 'Yoga studio']",ChIJPaYrhw3tDzkRU1VCXtV-32c,30.6879231,76.7375371,46,primary_cat
XO Fitness Mohali,Gym,Sahibzada Ajit Singh Nagar,160062,Punjab,"506, Level 2, SCO, 3, Sector 70, Sahibzada Ajit Singh Nagar, Punjab 160062, India",+91 62396 37977,http://www.xofitness.in/,4.9,289,False,['Gym'],ChIJKcjRy8DvDzkRHFynfkZ3f6o,30.6979142,76.7220399,77,primary_cat
Fitway Gym,Gym,Sahibzada Ajit Singh Nagar,160062,Punjab,"Sco 34-35, Sector 67, Sahibzada Ajit Singh Nagar, Punjab 160062, India",+91 62396 13249,http://fitwaygym.in/,4.9,220,False,['Gym'],ChIJQ88usvbvDzkROERm4rZfWd8,30.6795089,76.7250491,56,primary_cat
Octane Fitness,Gym,Sahibzada Ajit Singh Nagar,160062,Punjab,"SCO 14-15, Sector 68, Sahibzada Ajit Singh Nagar, Punjab 160062, India",+91 90568 09909,,4.7,519,False,"['Gym', 'Fitness center']",ChIJ_xXpTLvuDzkRel0NB4AClQo,30.6845146,76.7221362,24,primary_cat
Anytime Fitness,Gym,Sahibzada Ajit Singh Nagar,160062,Punjab,"2nd Floor, District One, SCO No 42 to 45, Sector 68, Sahibzada Ajit Singh Nagar, Punjab 160062, India",+91 76963 11148,https://www.anytimefitness.com/en-in/locations/mohali-punjab-in-1119,4,122,False,"['Gym', 'Fitness center']",ChIJ04mTZ9XvDzkRak3r7BdNtv4,30.6809571,76.7233051,43,primary_cat
Fit life gym,Gym,Sahibzada Ajit Singh Nagar,160062,Punjab,"Sco 64 65 66, Phase 11, Sector 65, Sahibzada Ajit Singh Nagar, Punjab 160062, India",+91 78892 59426,,4.3,27,False,['Gym'],ChIJEyNpAuTtDzkRLYbkjuBtVJw,30.680792,76.7449061,25,primary_cat
Fitness Weight Loss - CrossFit - MMA Training - Personal Fitness Trainer Chandigarh,Fitness center,Sahibzada Ajit Singh Nagar,160062,Punjab,"Sec 67 markit, near icic bank, Sahibzada Ajit Singh Nagar, Punjab 160062, India",+91 92000 20100,,4.9,58,False,"['Fitness center', 'Boxing gym', 'Jujitsu school', 'Personal trainer', 'Weight loss service']",ChIJjeewxtDvDzkR2Df0FbwWKKw,30.6802213,76.7275508,167,primary_cat
Tank’s Gym HLP Gallerria,Gym,Sahibzada Ajit Singh Nagar,160062,Punjab,"3rd floor, HLP Galleria, Himalaya Marg, Sector 62, Sahibzada Ajit Singh Nagar, Punjab 160062, India",+91 70093 14713,,4.6,141,False,['Gym'],ChIJRbmcpg_vDzkRcqEwbYP5RTA,30.6991784,76.7266368,37,primary_cat
SHRED HOUSE,Gym,Sahibzada Ajit Singh Nagar,160062,Punjab,"Sco 32,33, above Axis bank, Sector 67, Sahibzada Ajit Singh Nagar, Punjab 160062, India",+91 98888 98123,https://www.instagram.com/shredhouse_67?igsh=MW1zNnR1eHExOTdrNg==,4.9,82,False,['Gym'],ChIJVWklWxbvDzkR0oqXee1RpTg,30.6797694,76.7249777,22,primary_cat
Absolute Fitness,Gym,Sahibzada Ajit Singh Nagar,160062,Punjab,"First Floor, SCF 56 - 57, Mohali Stadium Rd, Phase 11, Sector 65, Sahibzada Ajit Singh Nagar, Punjab 160062, India",+91 82830 02222,https://www.facebook.com/absolutefitness11,4.4,554,False,['Gym'],ChIJGYNJYAXsDzkRLF71Bcxnw-o,30.6809317,76.7447966,244,primary_cat
Powerhouse Gym Mohali,Gym,Sahibzada Ajit Singh Nagar,160062,Punjab,"TF Central, Powerhouse Gym, SCO 10 - 17 SF & 10 - 11, Street Airport Road, near Cp67 Mall, Sector 67, Sahibzada Ajit Singh Nagar, Punjab 160062, India",+91 78379 00094,https://www.instagram.com/invites/contact/?i=6fmvbrk8hjnb&utm_content=pafp9c9,4.8,570,False,"['Gym', 'Fitness center', 'Health spa', 'Weight loss service', 'Wellness center', ""Women's personal trainer""]",ChIJ4yYTez7vDzkRMh1rCqADBjg,30.6762206,76.7243591,83,primary_cat
"Pro Ultimate Gyms - Sector 70, Mohali",Gym,Sahibzada Ajit Singh Nagar,160071,Punjab,"SCO 28-29, Floor, 2-3, near Hotel Miraj, Sector 70, Sahibzada Ajit Singh Nagar, Punjab 160071, India",+91 82888 06770,https://proultimategyms.in/best-gym-in-mohali-sector-70/,4.9,711,False,['Gym'],ChIJsRP4bxbvDzkRj9T_CaB0y4g,30.6953618,76.7157888,93,primary_cat
Oxizone Fitness & Spa - Gym In Mohali,Gym,Sahibzada Ajit Singh Nagar,160071,Punjab,"Site No. 1, Mattaur Rd, Sector 70, Sahibzada Ajit Singh Nagar, Punjab 160071, India",+91 172 353 4942,https://www.oxizonefitness.com/,4.5,564,False,"['Gym', 'Fitness center', 'Gymnasium school', 'Personal trainer', 'Spa', ""Women's personal trainer""]",ChIJN6IP-ZPuDzkR5O1zL_NlVZE,30.6965193,76.7159785,353,primary_cat
kr fitness studio,Personal trainer,Chandigarh,160047,Chandigarh,"Housing board, 2969/49D, near PINK ROSE SOCIETY, Sector 49, Chandigarh, 160047, India",,http://www.krfitnessstudio.in/,5,36,False,"['Personal trainer', 'Fitness center']",ChIJj4w99_rtDzkRVpLok4hv8VI,30.6956056,76.7489823,86,primary_cat
Tapa swadhyay yoga studio,Yoga studio,Sahibzada Ajit Singh Nagar,160071,Punjab,"2nd Floor, Scf 24, Phase 11, Tarf Kumbra, Sahibzada Ajit Singh Nagar, Punjab 160071, India",+91 99158 76675,,5,25,False,['Yoga studio'],ChIJj6NBUvLtDzkRbzKG7Rx0Oqw,30.682256,76.7436722,11,primary_cat
HemSach Yoga - 2nd | Best Yoga Classes & Fitness Training Advanced Yoga • Pranayama • Meditation • Personal Yoga Trainer,Yoga studio,"Sahibzade, Sahibzada Ajit Singh Nagar",160062,Punjab,"SCF 37, Phase 11, Tarf Kumbra, Sahibzade, Sahibzada Ajit Singh Nagar, Punjab 160062, India",,https://www.instagram.com/hemsach_yoga?igsh=NHNxcmE2bWVybnJp&utm_source=qr,5,13,False,['Yoga studio'],ChIJf-_fs2LtDzkR5hXa9aebk-Q,30.6815833,76.7442364,25,primary_cat
The Yoga’s hub by Nirmal Kaur,Yoga retreat center,"Sahibzada Ajit Singh Nagar, Lamba",160062,Punjab,"near PCA Stadium, SCF - 27, Phase 9, Sahibzada Ajit Singh Nagar, Lamba, Punjab 160062, India",+91 99143 44503,,5,3,False,['Yoga retreat center'],ChIJ40BSOu3vDzkRgJQp8cSVLsc,30.6931294,76.7334359,47,title_keyword
Gurukul Yoga instructor's provider,Yoga studio,Sahibzada Ajit Singh Nagar,160062,Punjab,"Shaibzada Ajit Singh Nagar, Sector 68, Kumbra, Sahibzada Ajit Singh Nagar, Punjab 160062, India",,,5,13,False,['Yoga studio'],ChIJ5yETcWm5DzkRU-WH5z_9Ges,30.6849585,76.7245958,22,primary_cat
Ashtang Yogpeeth,Yoga studio,Sahibzada Ajit Singh Nagar,160062,Punjab,"Second Floor, SCF - 20, Phase 11, Sector 65, Sahibzada Ajit Singh Nagar, Punjab 160062, India",+91 98882 22864,,4.9,18,False,"['Yoga studio', 'Bikram yoga studio', 'Wellness center', 'Yoga instructor', 'Yoga retreat center']",ChIJY6FZgBvtDzkRmCg4nQEB1Qo,30.6824287,76.7434276,15,primary_cat
Sanskriti yog studio,Yoga studio,Sahibzada Ajit Singh Nagar,160062,Punjab,"2678, Sector 67, Sahibzada Ajit Singh Nagar, Punjab 160062, India",+91 92594 11655,,5,13,False,['Yoga studio'],ChIJO0AhcwDvDzkROMn2sDIiFlo,30.6786794,76.7246335,84,primary_cat
YoKalp (Pilates & Yoga Studio),Yoga studio,Sahibzada Ajit Singh Nagar,160062,Punjab,"Sco-2, near Waycup Cafe, Sector 68, Sahibzada Ajit Singh Nagar, Punjab 160062, India",+91 6284 833 593,https://yokalp.com/sec-68-mohali/,4.8,196,False,"['Yoga studio', 'Pilates studio']",ChIJh4DVcZLuDzkRQvf__-JfKI4,30.6854252,76.7214728,121,primary_cat
Elevate Wellness Club - Best Gym in Mohali,Gym,Sahibzada Ajit Singh Nagar,160062,Punjab,"SCO 112 to 114, Phase 10, Sector 64, Sahibzada Ajit Singh Nagar, Punjab 160062, India",+91 172 500 4122,https://true-elevate.com/,4.6,505,False,['Gym'],ChIJfa1cMn_tDzkRtXk_UaF52B0,30.6837226,76.7421205,93,primary_cat
Mudraa Yoga & Pilates,Yoga studio,Sahibzada Ajit Singh Nagar,160062,Punjab,"6, 4th floor, S C O 5, Central Street, Sector 67, Sahibzada Ajit Singh Nagar, Punjab 160062, India",+91 83606 49435,,4.8,30,False,['Yoga studio'],ChIJBVM2VBvtDzkRP_BiU1KmyZQ,30.6762546,76.7242594,9,primary_cat
RESETUP Fitness,Pilates studio,Sahibzada Ajit Singh Nagar,160062,Punjab,"SCf 42-43 second floor, Phase 11, Tarf Kumbra, Sahibzada Ajit Singh Nagar, Punjab 160062, India",+91 85570 03935,,5,152,False,"['Pilates studio', 'Fitness center']",ChIJrYGsN3XtDzkRkST4nz5jA4o,30.6816089,76.744505,249,primary_cat
Burn Gym Phase 9 Mohali | Best Gym in Mohali | Premium Fitness,Gym,Sahibzada Ajit Singh Nagar,160062,Punjab,"Punjab Olympic Association, opp. House No 714, Phase 9, Sahibzada Ajit Singh Nagar, Punjab 160062, India",+91 172 501 0106,https://www.burngym.com/mohali-gym-phase9,4.7,1088,False,['Gym'],ChIJ0d6ACmjvDzkRvJVoX9ZVua8,30.6898783,76.7330455,230,primary_cat
Fat to Fit Diet Clinic — Yoga & Pilates studio,Fitness center,Sahibzada Ajit Singh Nagar,160062,Punjab,"SCF-91, Sector 61, Sahibzada Ajit Singh Nagar, Punjab 160062, India",+91 97450 66638,,4.8,89,False,"['Fitness center', 'Dietitian', 'Pilates studio', 'Mediation service', 'Meditation center', 'Wellness center', 'Yoga studio']",ChIJ2WQLjyHvDzkRIZO4ND6Cu4M,30.703755,76.7265704,53,primary_cat
Sound Soul Yogshala,Yoga studio,Sahibzada Ajit Singh Nagar,160062,Punjab,"4160, Sector 68, Sahibzada Ajit Singh Nagar, Punjab 160062, India",,,,,False,['Yoga studio'],ChIJlWpo4wfvDzkRQVkGntubSKo,30.6824648,76.7214902,0,primary_cat
Yogic Ape - Yoga Studio,Yoga studio,Sahibzada Ajit Singh Nagar,140308,Punjab,"974, Sector 79, Sahibzada Ajit Singh Nagar, Punjab 140308, India",+91 90413 17246,,5,23,False,"['Yoga studio', 'Personal trainer']",ChIJsyay9K7vDzkRF7Ppi82yxoE,30.6784298,76.7167886,6,primary_cat
Yogasini Wellness,Yoga studio,Sahibzada Ajit Singh Nagar,160059,Punjab,"1633, near Saint Ishar School, Sector 70, Sahibzada Ajit Singh Nagar, Punjab 160059, India",,,5,24,False,"['Yoga studio', 'Acupuncture clinic']",ChIJ17TkMgDvDzkRtE9j-ATJv8I,30.6979807,76.7175604,23,primary_cat
Sidhu Fitness Garage,Gym,"Bar Majra, Sahibzada Ajit Singh Nagar",160055,Punjab,"sidhu Fitness Garage, near Gurudwara sahibvillage, Bar Majra, Sahibzada Ajit Singh Nagar, Punjab 160055, India",+91 83603 18176,,4.8,36,False,['Gym'],ChIJg18Gdx7vDzkRAw6r5wlWKG8,30.7415912,76.6996379,58,primary_cat
Pro Ultimate Gyms Sector 117 TDI Mohali,Gym,Sahibzada Ajit Singh Nagar,140307,Punjab,"SCO 142-143, Sector 117, TDI, Sahibzada Ajit Singh Nagar, Punjab 140307, India",+91 74074 04800,https://proultimategyms.in/,4.8,965,False,['Gym'],ChIJeRtuGbjvDzkRpWGV6RNS0n0,30.7261621,76.6801848,154,primary_cat
Next level fitness,Gym,Sahibzada Ajit Singh Nagar,160055,Punjab,"PMHW+3RX, Sector 119, Balongi, Sahibzada Ajit Singh Nagar, Punjab 160055, India",,,4.9,277,True,['Gym'],ChIJL60MA1TvDzkR41iJWWd4fl4,30.7277395,76.6971008,22,primary_cat
Step2Step Dance Studio,Dance school,Sahibzada Ajit Singh Nagar,160062,Punjab,"SCF 53 Second Floor, Phase 10, Sector 64, Sahibzada Ajit Singh Nagar, Punjab 160062, India",+91 98881 37158,https://www.s2sdancestudio.com/,4.5,200,False,"['Dance school', 'Aerobics instructor', 'Fitness center', 'Hip hop dance class']",ChIJH2mMF6btDzkRrsyHrcvAe6c,30.686179,76.7389386,132,secondary_cat
Fit Evoke,Wellness center,Sahibzada Ajit Singh Nagar,160062,Punjab,"Scf No 27, above Yes Bank, Phase 10, Urban Estate, Sahibzada Ajit Singh Nagar, Punjab 160062, India",+91 99880 09694,,5,15,False,['Wellness center'],ChIJY0APXyPtDzkR1D3HDLDmxC0,30.687348,76.7379509,4,primary_cat
Easy tone gym,Gym,Sahibzada Ajit Singh Nagar,160062,Punjab,"Phase 11, Sector 65, Sahibzada Ajit Singh Nagar, Punjab 160062, India",+91 78371 76130,,4.8,70,False,['Gym'],ChIJmS6_YK3tDzkRLYNV5ioGXhg,30.6830625,76.7429375,73,primary_cat
Power Zone Gymnasium,Gym,Sahibzada Ajit Singh Nagar,160062,Punjab,"SCF 75, 2nd Floor, above Him Mini Market, Phase 9, Sector 63, Sahibzada Ajit Singh Nagar, Punjab 160062, India",+91 98152 49949,http://www.facebook.com/powerzonemohali,4.4,180,False,['Gym'],ChIJH2mMF6btDzkRZaZ97qFSWcE,30.6942633,76.7333451,40,primary_cat
S.S Fitness Club,Gym,Sahibzada Ajit Singh Nagar,160055,Punjab,"Shop 143/1, near Dharamshala, Saini Mohalla, Balongi, Sahibzada Ajit Singh Nagar, Punjab 160055, India",+91 98148 05143,,4.2,41,False,['Gym'],ChIJUYEjY-fvDzkRjn3px4ucq-o,30.7300367,76.6929438,35,primary_cat
IRON HUB GYM,Fitness center,"Chandigarh, Sahibzada Ajit Singh Nagar",160055,Punjab,"Sco 21 3rd floor, Phase 1, Sector 55, Chandigarh, Sahibzada Ajit Singh Nagar, Punjab 160055, India",+91 94639 61740,,4.7,427,False,"['Fitness center', 'Gym', 'Personal trainer', ""Women's personal trainer""]",ChIJB3H6r2_uDzkRnwJfO-FTQz8,30.7277928,76.7226472,151,primary_cat
"Anytime Fitness TDI Park Street, Mohali",Fitness center,Sahibzada Ajit Singh Nagar,140307,Punjab,"Airport Road, TDI Park Street, Sector 118, Sahibzada Ajit Singh Nagar, Punjab 140307, India",+91 92500 00410,https://www.anytimefitness.co.in/gyms/in-1160/mohali-punjab-140301/,3.9,51,False,"['Fitness center', 'Gym']",ChIJ2ztJ567vDzkRsXD2xWrd7N4,30.7305242,76.6777448,21,primary_cat
Crossfit Gym & Spa,Gym,Sahibzada Ajit Singh Nagar,160055,Punjab,"S.C.O-34, Sector 55, Phase 1, Mohali Village, Sahibzada Ajit Singh Nagar, Punjab 160055, India",+91 172 502 2900,https://www.facebook.com/crossfit.mohali/,4.4,95,True,['Gym'],ChIJveXzP3DuDzkRjK4PsuqyEMM,30.7267285,76.723525,21,primary_cat
Meena yoga centre,Yoga studio,Sahibzada Ajit Singh Nagar,140307,Punjab,"Upstairs of Blinkit, Showoom no 35, Street Walk Plaza, Chowk, Kharar, near Chajju Majra, Sector 117, Sahibzada Ajit Singh Nagar, Punjab 140307, India",+91 98768 41312,,5,43,False,['Yoga studio'],ChIJ2_yJTqTvDzkRNo1eGXDM6Bs,30.7277987,76.6733699,61,primary_cat
The Fityog Studio,Yoga studio,Sahibzada Ajit Singh Nagar,160055,Punjab,"tdi city, Sco 137, near by Medimart, Sector 117, Sahibzada Ajit Singh Nagar, Punjab 160055, India",+91 62397 93511,,5,33,False,['Yoga studio'],ChIJBwOA9fvvDzkRYr8XJ8lTytE,30.7261113,76.6799379,49,primary_cat
HemSach Yoga,Yoga studio,Sahibzada Ajit Singh Nagar,160055,Punjab,"Madanpur, Phase 2, Sector 54, Sahibzada Ajit Singh Nagar, Punjab 160055, India",+91 88727 99892,https://www.instagram.com/hemsach_yoga?igsh=NHNxcmE2bWVybnJp&utm_source=qr,5,248,False,"['Yoga studio', 'Fitness center', 'Physical fitness program', 'Yoga instructor', 'Yoga retreat center']",ChIJtUOARwDvDzkRUDV-YITh6VU,30.7186695,76.7252634,533,primary_cat
YOGA SE HOGA,Yoga studio,Sahibzada Ajit Singh Nagar,160059,Punjab,"SCF 17, Phase 5, Sector 59, Sahibzada Ajit Singh Nagar, Punjab 160059, India",+91 82849 55418,https://yogasehoga.net/,4.9,66,False,['Yoga studio'],ChIJX7R27pzvDzkRM4gU5T_cE8Y,30.7186974,76.7134283,32,primary_cat
Vinay Yoga Trainer,Yoga studio,Sahibzada Ajit Singh Nagar,160055,Punjab,"First Floor, Hm 23, near GIAN JYOTI GLOBAL SCHOOL, Phase 2, Sector 54, Sahibzada Ajit Singh Nagar, Punjab 160055, India",+91 72060 06685,https://vinayyogatrainer.online/,5,108,False,"['Yoga studio', 'Yoga instructor']",ChIJ1d2-ha3vDzkRBH5BOrRy0Iw,30.7253892,76.7267302,17,primary_cat
Adiyogi yoga Studio,Yoga studio,Sahibzada Ajit Singh Nagar,160071,Punjab,"Sco 47, Sector 91, Sahibzada Ajit Singh Nagar, Punjab 160071, India",+91 86308 99506,,4.9,59,False,['Yoga studio'],ChIJ-8yIFTzvDzkRrufW7bsymB8,30.6990392,76.6789225,46,primary_cat
Vinyasa Yoga Studio,Yoga studio,Sahibzada Ajit Singh Nagar,140307,Punjab,"777, Sector 91, Sahibzada Ajit Singh Nagar, Punjab 140307, India",+91 75970 48895,https://www.vinyoga.in/,4.9,89,False,['Yoga studio'],ChIJVVWBkRa1FzkRrkvgNxbnaAE,30.7006136,76.6766303,226,primary_cat
Empower Aura (Aerial Yoga & Divine Energy),Reiki therapist,Sahibzada Ajit Singh Nagar,140307,Punjab,"SCO-372, FF, TDI SQUARE, Sector 117, Sahibzada Ajit Singh Nagar, Punjab 140307, India",+91 62830 53915,http://www.empoweraura.com/,4.7,44,False,"['Reiki therapist', 'Meditation center', 'Numerologist', 'Vastu consultant', 'Yoga retreat center']",ChIJ6_s4vArvDzkRpI6K5_J2jeM,30.7211632,76.672922,372,title_keyword
Moksha jassis power yoga,Yoga studio,Sahibzada Ajit Singh Nagar,160071,Punjab,"Sector 70, Sahibzada Ajit Singh Nagar, Punjab 160071, India",+91 84270 04077,,5,46,False,['Yoga studio'],ChIJO4DQiMLvDzkRJKgY1TsXev8,30.7038528,76.7076768,31,primary_cat
Archon Fitness Club,Fitness center,Sahibzada Ajit Singh Nagar,160057,Punjab,"Floor 6, INDUSTRIAL FOCAL POINT, C-119, Phase 7, Industrial Area, Sector 73, Sahibzada Ajit Singh Nagar, Punjab 160057, India",+91 90411 79111,https://www.archonfitness.com/,4.8,208,False,['Fitness center'],ChIJh26MB9HvDzkROlP-cpoh9yg,30.7163374,76.7069212,71,primary_cat
Club 72 Gym by Pro Ultimate,Fitness center,Sahibzada Ajit Singh Nagar,160071,Punjab,"Phase-8, Plot No. A 33, Phase-8, Industrial Area, Sector 73, Sahibzada Ajit Singh Nagar, Punjab 160071, India",+91 83500 07272,https://www.club72gym.com/,4.9,366,False,"['Fitness center', 'Gym', 'Jujitsu school', 'Sports club', 'Swimming pool']",ChIJhx25ZmDvDzkRn6j_r-rgULM,30.7115087,76.7021868,139,primary_cat
Aman health club,Gym,Sahibzada Ajit Singh Nagar,160055,Punjab,"PPGF+Q8P, Phase 1, Sector 55, Phase 1, Mohali Village, Sahibzada Ajit Singh Nagar, Punjab 160055, India",,http://www.mahabalishera.com/,4.7,29,True,['Gym'],ChIJhz-MqXTvDzkRQUsg3mtkCzo,30.7269644,76.7233212,60,primary_cat
MOHALI FITNESS CENTER,Fitness center,Sahibzada Ajit Singh Nagar,160062,Punjab,"BEVERLY SOCIETY, beside THE MOHALI CLUB, Phase 11, Sector 65, Sahibzada Ajit Singh Nagar, Punjab 160062, India",+91 98759 44424,https://mohaliclub.net/,4.5,13,False,['Fitness center'],ChIJxyt4U17tDzkRu7EFgVdpPcA,30.6842131,76.7490377,4,primary_cat
GG WELLNESS CLUB,Health consultant,Chandigarh,160036,Chandigarh,"1450, Sector 42 B, 42B, Sector 42, Chandigarh, 160036, India",+91 83600 03080,,5,31,False,['Health consultant'],ChIJVXaeSq_tDzkRrW93tt9P60M,30.7251412,76.7472708,60,title_keyword
K.V. fitness club,Gym,Sahibzada Ajit Singh Nagar,160055,Punjab,"Plot No. 479,Dashmesh Nagar, Punjab, India, Balongi, Sahibzada Ajit Singh Nagar, Punjab 160055, India",+91 98886 64081,https://www.facebook.com/pages/KVHealth-club/976211685743106,4.1,57,True,['Gym'],ChIJqXLzM0_uDzkRMermaPTRzGY,30.7277919,76.6968893,9,primary_cat
Pro Phoenixz,Fitness center,Sahibzada Ajit Singh Nagar,160059,Punjab,"Top Floor, Dance & Fitness Studio in, SCF - 20, Phase 5, Sector 59, Sahibzada Ajit Singh Nagar, Punjab 160059, India",+91 95015 96962,https://prophoenixz.com/,5,51,False,"['Fitness center', 'Charter school', 'Dance club', 'Dance school', 'Hip hop dance class', 'Salsa classes', 'Yoga instructor']",ChIJceOxVLrvDzkRtmbRl3yAFs0,30.7185955,76.7135211,54,primary_cat
Dansation Dance Studio,Dance school,Sahibzada Ajit Singh Nagar,160059,Punjab,"Scf 44 Top Floor, above O Chicken, Phase 5, Sahibzada Ajit Singh Nagar, Punjab 160059, India",+91 98888 92718,https://dansation.in/,4.9,244,False,"['Dance school', 'Aerobics instructor', 'Body shaping class', 'Dance club', 'Dance company', 'Dance pavillion', 'Dance store', 'Fitness center', 'Hip hop dance class', 'Salsa classes']",ChIJgf__P5HuDzkR15c76-tASos,30.7167408,76.7150293,567,secondary_cat
Beast Power Gym,Gym,Chandigarh,160047,Chandigarh,"SCO 1801, opposite Dev Samaj College, Burail, Sector 45-B, Chandigarh, 160047, India",+91 76966 47771,,4.5,158,False,['Gym'],ChIJ1U6F307sDzkRUFJ-iNRDQ8E,30.7074906,76.7631636,124,primary_cat
Recreation Gym,Gym,Chandigarh,160047,Chandigarh,"Sector 46C, Sector 46, Chandigarh, 160047, India",+91 98723 08221,https://www.youtube.com/@recreationgym1568,4.4,166,False,['Gym'],ChIJ1zEgoEPsDzkRmo3qmiKhTG8,30.6998892,76.7653399,51,primary_cat
SPARTANS GYM&CARDIO,Gym,Chandigarh,160047,Chandigarh,"Shop number 1945 second floor, Burail, Burail Village, Sector 45-B, Chandigarh, 160047, India",+91 99881 75839,,5,20,False,['Gym'],ChIJA4gwHfntDzkR_dTJ4GHNUVE,30.7083068,76.7640543,19,primary_cat
Global AthElite Solutions | Sports Physiotherapy & Performance Chandigarh,Physical therapist,Chandigarh,160047,Chandigarh,"House number 708, PSB complex, Sector-49A, Block A, Sector 49, Chandigarh, 160047, India",+91 82880 00672,https://www.instagram.com/global_athelite_solutions/,4.9,75,False,"['Physical therapist', 'Acupuncture clinic', 'Chiropractor', 'Physical rehabilitation center', 'Physical therapy clinic', 'Sports medicine clinic']",ChIJwYs9yObtDzkR8peuxYO3rJY,30.6986396,76.7540273,62,secondary_cat
Dr Manpreet's Physiotherapy and Wellness Clinic - Physiotherapist in Chandigarh,Physical therapy clinic,Chandigarh,160047,Chandigarh,"16 ,ground floor, young dwellers society, near 49 - 50 lights ( bycycle round about, Sector-49A, Chandigarh, 160047, India",+91 88726 12296,https://www.drmanpreetkaur.com/,5,874,False,"['Physical therapy clinic', 'Health consultant', 'Health counselor', 'Mental health service', 'Weight loss service', 'Wellness center']",ChIJz04FOmjtDzkRqJ8zTPQWYLA,30.6979356,76.7531136,340,primary_cat
THE GYM HUB boys and girls club,Gym,Chandigarh,160047,Chandigarh,"Keshoram Complex, SCO no.682 second floor gali no 9, Sector 45, Chandigarh, 160047, India",,,4.8,19,True,['Gym'],ChIJI9b8IEXtDzkRoFMAI-lOlhE,30.7049395,76.7589688,15,primary_cat
CHAMPION FITNESS GYM,Gym,Chandigarh,160047,Chandigarh,"1945, Burail, Burail Village, Sector 45, Chandigarh, 160047, India",+91 97813 41989,,4.4,11,True,['Gym'],ChIJQdFLFG3tDzkR7LOcx6KfoZY,30.7087091,76.7640176,10,primary_cat
Royal fitness club | Best gym in chandigarh,Gymnastics club,Chandigarh,160047,Chandigarh,"35,36, 37,, 9, SCO 34, Sector 50, Chandigarh, 160047, India",,,,,False,['Gymnastics club'],ChIJLxazdUbtDzkRQzf3hKtom3I,30.6985028,76.7489275,1,title_keyword
THE LIFESTYLE WELLNESS CLUB,Weight loss service,Chandigarh,160047,Chandigarh,"Shri Chaitanya Techno School, Sector 44 B, 44B, Sector 44, Chandigarh, 160047, India",,,5,33,False,"['Weight loss service', 'Fitness center', 'Health consultant', 'Nutritionist', 'Physical fitness program', 'Wellness program', 'Yoga instructor']",ChIJv6LYSI_tDzkRNWvQfw8jMck,30.7114269,76.7572738,9,primary_cat
Dance fitness studio,Hip hop dance class,Chandigarh,160047,Chandigarh,"Shop no-12 First Floor, Raj Complex, Vill, Burail, Burail Village, Sector 45, Chandigarh, 160047, India",+91 62807 31171,,5,20,False,['Hip hop dance class'],ChIJl35E2oLtDzkRjpIoV5oq6aY,30.7089426,76.7612721,56,title_keyword
Shiv.N Success Boxing Academy,Fitness center,Chandigarh,160043,Chandigarh,"Sri Chaitanya Techno School, opposite Laxmi Narayan Mandir, 44B, Sector 44, Chandigarh, 160043, India",+91 79735 78005,http://shivnsuccess.netlify.app/,5,44,False,['Fitness center'],ChIJYY_RdwDtDzkRMAiD5i_-KUc,30.7112645,76.7580098,12,primary_cat
Body Works Gym & Spa,Fitness center,Sahibzada Ajit Singh Nagar,160062,Punjab,"SCO 70-71, Phase 9, Sector 63, Sahibzada Ajit Singh Nagar, Punjab 160062, India",+91 6284 138 209,https://sites.google.com/view/body-works-gym-spa/home,4.8,94,False,['Fitness center'],ChIJn7-OAb7vDzkRDy7Vd74MLM8,30.6946258,76.7330729,66,primary_cat
HIIT GROUP,Personal trainer,Chandigarh,160047,Chandigarh,"Sector 47 D, Sector 47, Chandigarh, 160047, India",+91 84488 11903,https://www.hiitgroup.co.in/,5,6,False,['Personal trainer'],ChIJmUxzfuNgckER9ZwmW0BC4Xk,30.6962954,76.767373,13,primary_cat
Fitness club,Fitness center,Sahibzada Ajit Singh Nagar,160062,Punjab,"ho.no.1734, Punjab 160062, India",,http://www.foreverliving.com/,4.9,18,True,['Fitness center'],ChIJGW7vb6PtDzkRy1cQjmvr8gc,30.6866704,76.7463682,2,primary_cat
Pro Ultimate Gyms Sector 71 Mohali,Gym,Sahibzada Ajit Singh Nagar,160071,Punjab,"Sector 71 SCO 39,40 Pro Ultimate Gyms, Sector 71, Sahibzada Ajit Singh Nagar, Punjab 160071, India",+91 62392 48526,https://proultimategyms.in/,4.8,789,False,['Gym'],ChIJFa_qqOXvDzkRoRva7mi1iP0,30.7045128,76.7087843,49,primary_cat
Hybrid Fitness Gym,Gym,Sahibzada Ajit Singh Nagar,160071,Punjab,"sco48, 49, Sector 71, Sahibzada Ajit Singh Nagar, Punjab 160071, India",+91 91151 16616,,4.6,282,False,"['Gym', 'Boxing gym', 'Fitness center', 'Gymnasium school', 'Personal trainer', 'Physical fitness program', 'Weight loss service', 'Weightlifting area', 'Yoga instructor', 'Yoga studio']",ChIJV0EHEfPuDzkRDHtviCor3U4,30.7047775,76.7084403,66,primary_cat
GYMaholic,Gym,Sahibzada Ajit Singh Nagar,160071,Punjab,"33-34, Kargil Park Rd, Sector 71, Sahibzada Ajit Singh Nagar, Punjab 160071, India",+91 89687 15063,https://www.gymaholic71.com/,4.8,379,False,"['Gym', 'Fitness center', 'Personal trainer', 'Physical fitness program', 'Weight loss service', 'Weightlifting area', ""Women's personal trainer""]",ChIJIZlsrPTuDzkR_2DEn7odmSM,30.704294,76.7089397,142,primary_cat
Gold's Gym Mohali,Gym,Sahibzada Ajit Singh Nagar,160071,Punjab,"SAS Infonet Building, C-133, Mohali Bypass, Phase-8, Industrial Area, Sector 73, Sahibzada Ajit Singh Nagar, Punjab 160071, India",+91 97791 59099,http://goldsgym.in/our-gyms/gold-s-gym-phase-8,4.4,982,False,['Gym'],ChIJEzlTyoruDzkRGcKMCsQTPCI,30.7110875,76.7113018,609,primary_cat
Lifeline Fitness,Gym,Sahibzada Ajit Singh Nagar,140307,Punjab,"Plot E-310, Industrial Area, Sector 75, Sahibzada Ajit Singh Nagar, Punjab 140307, India",+91 97797 39888,https://lifelinefitness.in/,4.2,81,False,"['Gym', 'Manufacturer']",ChIJ7SfMq3TtDzkR_sCD-b9PA1c,30.698995,76.6903876,59,primary_cat
Ohio Premium gym & spa (Best Premium Gym),Gym,Sahibzada Ajit Singh Nagar,160071,Punjab,"C - 127 , Phase, 8, Phase-8, Industrial Area, Sector 73, Sahibzada Ajit Singh Nagar, Punjab 160071, India",,,4.6,13,False,['Gym'],ChIJP0qIkErvDzkRmOVYqPn3UHQ,30.7133538,76.7097837,39,primary_cat
Fusion Bodyfit Station,Gym,Sahibzada Ajit Singh Nagar,160071,Punjab,"S.C.O No. 9/ 2nd floor, Sector 71, Sahibzada Ajit Singh Nagar, Punjab 160071, India",+91 86993 51750,https://instagram.com/fusionbodyfit?igshid=13p1n1dhl7f64,4.8,198,False,['Gym'],ChIJv3gojbjvDzkRVsrnplVK0Gs,30.7035244,76.7101034,106,primary_cat
"LVL UP GYMS, MOHALI",Gym,Sahibzada Ajit Singh Nagar,140307,Punjab,"D 228, 1st Floor, Industrial Area, Sector 74, Sahibzada Ajit Singh Nagar, Punjab 140307, India",+91 82830 49000,http://www.levelupgyms.info/,4.6,633,False,['Gym'],ChIJhWkseR3vDzkR-MDirgTAPp0,30.6959092,76.6872975,246,primary_cat
Ultimate Physique Fitness Gym,Gym,Sahibzada Ajit Singh Nagar,160071,Punjab,"3rd floor, Mann Bhawan, SCO -958, Mataur, Sector 70, Sahibzada Ajit Singh Nagar, Punjab 160071, India",+91 98789 89322,https://upfgym.com/,4.8,217,False,"['Gym', 'Aerobics instructor', 'Fitness center', 'Judo school', 'Karate school', 'Personal trainer', 'Spa', 'Wrestling school', 'Yoga instructor', 'Yoga studio']",ChIJaYmhPw3vDzkRRYkV1BvtL6s,30.6982656,76.7134845,112,primary_cat
Space Seven Fitness,Gym,Sahibzada Ajit Singh Nagar,160071,Punjab,"C-124, Phase-8, Industrial Area, Sector 73, Sahibzada Ajit Singh Nagar, Punjab 160071, India",+91 90568 11172,,4.5,437,False,['Gym'],ChIJpdR0cyTvDzkRVM5KmXPHHVo,30.7140772,76.7085578,83,primary_cat
Octane fitness prime 91 Mohali,Gym,Sahibzada Ajit Singh Nagar,140307,Punjab,"D-231, opp. JUDICIAL COURTS, Phase 8B, Sector 91, Sahibzada Ajit Singh Nagar, Punjab 140307, India",+91 79867 36678,https://www.instagram.com/octane.prime.fitness91/,4.7,26,False,"['Gym', 'Fitness center', 'Personal trainer', 'Physical fitness program']",ChIJk3QukxnvDzkRr_QSlfCwmQc,30.6955134,76.6883158,33,primary_cat
Hard Core Gym,Gym,Sahibzada Ajit Singh Nagar,160071,Punjab,"Sco 2 (1034) 4th Floor, Backside Of Malwa Timber, near Vivek High School &Sbi Bank, Mattaur, Sector 70, Sahibzada Ajit Singh Nagar, Punjab 160071, India",,,4.9,276,False,['Gym'],ChIJgQsCDg_sDzkR-BtJ_NbrNys,30.6985924,76.7121411,111,primary_cat
Club 72 Gym - Vajra Martial Arts Academy,Martial arts school,Sahibzada Ajit Singh Nagar,160071,Punjab,"Plot No. A 33, Sector 72, Phase-8, Industrial Area, Sahibzada Ajit Singh Nagar, Punjab 160071, India",+91 92057 40391,https://www.club72gym.com/,4.7,18,False,['Martial arts school'],ChIJDWWxx5HvDzkRlw7CmcUMBGE,30.7116849,76.7019906,7,title_keyword
Pro Ultimate Gyms Sector 91 Mohali,Gym,Sahibzada Ajit Singh Nagar,140307,Punjab,"SCO 82-83 Floor, 1-2, Sector 91, Sahibzada Ajit Singh Nagar, Punjab 140307, India",+91 94073 00076,https://proultimategyms.in/,4.9,1412,False,['Gym'],ChIJx-V703HvDzkRuJovKwG_UkA,30.7003121,76.6791266,133,primary_cat
Tank's Gym,Gym,Sahibzada Ajit Singh Nagar,160059,Punjab,"SCO 1-2, 3rd Floor, Phase 5, Sector 59, Sahibzada Ajit Singh Nagar, Punjab 160059, India",+91 90414 46355,,4.7,905,False,['Gym'],ChIJqegYsunvDzkRzgcy4N1maQU,30.7163233,76.7165906,168,primary_cat
Burn Gym Phase 5 Mohali | Best Gym in Mohali | Premium Fitness,Gym,Sahibzada Ajit Singh Nagar,160059,Punjab,"SCO - 7, Phase 5, Sector 59, Sahibzada Ajit Singh Nagar, Punjab 160059, India",+91 172 500 8988,https://www.burngym.com/mohali-gym-phase5,4.6,1356,False,"['Gym', 'Spa']",ChIJk5vVeGHuDzkRH3-Keuks02k,30.7162015,76.7159269,207,primary_cat
Rockstar Academy,Dance school,Sahibzada Ajit Singh Nagar,160071,Punjab,"SCO-953, 2nd F, Rockstar Academy Studio & Film Production, Head Office, next to Hotel Parkview, near Fountain Park, Mattaur, Sector 70, Sahibzada Ajit Singh Nagar, Punjab 160071, India",+91 99888 64849,,4.9,67,False,"['Dance school', 'Ballroom dance instructor', 'Dance company', 'Film production company', 'Fitness center', 'Hip hop dance class', 'Modeling agency', 'Salsa classes', 'Yoga studio']",ChIJezIYiZPuDzkRSxSO2yBwWuE,30.6983033,76.7139578,45,secondary_cat
DIVYA Yoga & Therapeutic Yoga Home Instructor Provider,Yoga instructor,Sahibzada Ajit Singh Nagar,160071,Punjab,"Hemkunt Public School, D2 Neat Sri, Plaza Market Rd, Sector 71, Sahibzada Ajit Singh Nagar, Punjab 160071, India",+91 98532 48000,https://divyayogainstructor.in/,4.9,128,False,"['Yoga instructor', 'Yoga retreat center', 'Yoga studio']",ChIJ-ZrWs2HuDzkRa0AumBCNI0E,30.6998457,76.7083857,526,primary_cat
FITNESS GURU,Gym,Sahibzada Ajit Singh Nagar,160071,Punjab,"2nd & 3rd Floor, 1&2, Kargil Park Rd, Sector 71, Sahibzada Ajit Singh Nagar, Punjab 160071, India",+91 172 500 4188,,4.1,294,False,['Gym'],ChIJVVVVVZLuDzkRZgbHb1Y9bAY,30.703722,76.709749,32,primary_cat
MISSION INDIA FITNESS INSTITUTE GURGAON,Gym,Sahibzada Ajit Singh Nagar,140307,Punjab,"Plot No. F-193, Phase 8B, Industrial Area, Sector 74, Sahibzada Ajit Singh Nagar, Punjab 140307, India",,http://www.gmmifi.com/,4.5,23,True,['Gym'],ChIJ_4HJd4AfDTkRfKjJQSaBgZQ,30.7098133,76.6884263,9,primary_cat
Yoga via Wellness By Anitaz,Yoga studio,Chandigarh,160047,Chandigarh,"House No 3410, SAI ENCLAVE, Sector 49 D, Sector 49, Chandigarh, 160047, India",,https://www.instagram.com/yogaviawellnessbyanitaz?igsh=MW13MndldXRoZHB4eQ%3D%3D&utm_source=qr,5,3,False,"['Yoga studio', 'Meditation center', 'Reiki therapist', 'Wellness center']",ChIJwwPmLcPtDzkROnHLGpJH0wU,30.6938306,76.7513481,31,primary_cat
Aneeta Yoga,Yoga studio,Chandigarh,160047,Chandigarh,"House No 3472, Sai Enclave Society, Sector 49 D, Sector 49, Chandigarh, 160047, India",+91 98198 45735,,5,2,False,['Yoga studio'],ChIJ1TdxEJPtDzkREr9oxzkO1uA,30.6934033,76.7502593,18,primary_cat
Legacy Tiny Warriors Playway & Activity Club for Kids | Club 72 Gym,Fitness center,Sahibzada Ajit Singh Nagar,160071,Punjab,"Plot 33-A, Sector 72, Phase-8, Industrial Area, Sahibzada Ajit Singh Nagar, Punjab 160071, India",+91 82888 40777,https://www.club72gym.com/,4.8,4,False,"['Fitness center', 'Kindergarten', 'Taekwondo school']",ChIJi8d2MfLvDzkRkm1tQxfYYEA,30.7116102,76.7021401,41,primary_cat
Dream fitness club,Gymnastics club,Sahibzada Ajit Singh Nagar,160071,Punjab,"Mattaur, Sector 71, Sahibzada Ajit Singh Nagar, Punjab 160071, India",,,5,23,False,['Gymnastics club'],ChIJxYfIZQDvDzkRvQRSKjA31Ew,30.7008489,76.712728,13,title_keyword
Yoga Flows,Fitness center,Sahibzada Ajit Singh Nagar,160071,Punjab,"2323, Sector 71, Sahibzada Ajit Singh Nagar, Punjab 160071, India",,https://www.yogaflows.online/,5,3,True,['Fitness center'],ChIJMU3mt0DvDzkR7gWQBp3_C8Y,30.699274,76.704986,1,primary_cat
Solis Wellness Center,Yoga studio,Sahibzada Ajit Singh Nagar,140307,Punjab,"Plot no. E- 234, sonalika tower, Industrial Area, Sector 74, Sahibzada Ajit Singh Nagar, Punjab 140307, India",,https://divinesoulyoga.com/,5,1,True,['Yoga studio'],ChIJi3_u69nvDzkRBdSl9Z6icss,30.7087391,76.693731,1,primary_cat
Fit & Fly Premium Fitness Club,Fitness center,Sahibzada Ajit Singh Nagar,160059,Punjab,"2ND FLOOR, SCO 5, near PHASE 5, Phase 5, Sector 59, Sahibzada Ajit Singh Nagar, Punjab 160059, India",+91 70368 00786,https://fitandflyclubs.com/,4.6,220,False,['Fitness center'],ChIJux1VUH_vDzkRA09hpk6JJuo,30.7162512,76.7160512,58,primary_cat
COACH RAWAT VIJAY HEALTH & FITNESS COACH,Personal trainer,Sahibzada Ajit Singh Nagar,160059,Punjab,"Phase-8, Industrial Area, Sector 73, Sahibzada Ajit Singh Nagar, Punjab 160059, India",+91 94645 50783,https://www.instagram.com/coachrawatvijay?igsh=MTVmaHhicWNlN3Zuag==,4.9,36,False,"['Personal trainer', 'Boxing gym', 'Physical fitness program', ""Women's personal trainer""]",ChIJ4dfxX3vvDzkRA6zGvNJicEY,30.7103809,76.7034113,4,primary_cat
Playerzown - Multi Hobby Training Institute,Martial arts school,Sahibzada Ajit Singh Nagar,160071,Punjab,"Shere Punjab Complex, near Vivek High School, Sector 70, Sahibzada Ajit Singh Nagar, Punjab 160071, India",+91 79865 96774,,5,5,False,"['Martial arts school', 'Art school', 'Boat club', 'Dance school', 'Music school', 'Yoga studio']",ChIJv1AXZYTvDzkRr9FKeZLOHnM,30.6975942,76.7101313,13,secondary_cat
Octane Fitness Elite,Gym,Sahibzada Ajit Singh Nagar,160070,Punjab,"SCO 1 to 6, Sector 70, Sahibzada Ajit Singh Nagar, Punjab 160070, India",+91 90565 80909,,4.7,179,False,['Gym'],ChIJE451zT_vDzkRf_AM5dIzrBU,30.691973,76.7126821,72,primary_cat
"Pro Ultimate Gyms - Sector 89, Mohali",Fitness center,Sahibzada Ajit Singh Nagar,140308,Punjab,"1st and 2nd Floor, SCO 14-15, Sector 89, Sahibzada Ajit Singh Nagar, Punjab 140308, India",+91 63999 00083,,4.8,778,False,['Fitness center'],ChIJPbrjPWPvDzkRLsmRByF2Dw0,30.6872096,76.6867678,149,primary_cat
Roots Development League,Fitness center,Sahibzada Ajit Singh Nagar,140308,Punjab,"Golden bells public school, Sector 77, Sahibzada Ajit Singh Nagar, Punjab 140308, India",,https://www.mivranfootballschool.com/tournaments,5,1,False,['Fitness center'],ChIJ09YzGh7vDzkRSBorNu6KiEM,30.694368,76.7020932,140,primary_cat
Vikram Arogyashala,Health consultant,Sahibzada Ajit Singh Nagar,160071,Punjab,"Subedar Complex, Mattaur, Sector 70, Sahibzada Ajit Singh Nagar, Punjab 160071, India",+91 93102 01477,,,,False,"['Health consultant', 'Alternative medicine clinic', 'Life coach', 'Yoga studio']",ChIJ6QgooNrvDzkR8A13CXs9ybs,30.6983275,76.7136519,1,secondary_cat
Amigos Mixed Martial Arts Academy,Martial arts club,Sahibzada Ajit Singh Nagar,160071,Punjab,"Plot No. A 33, Phase-8, Industrial Area, Sector 73, Sahibzada Ajit Singh Nagar, Punjab 160071, India",,https://www.amigosbjjmma.com/,,,False,['Martial arts club'],ChIJ7xnS8OXvDzkRYOoTTIcRcTc,30.7104897,76.7056695,3,title_keyword
HEAL With Ravneett K,Yoga studio,Sahibzada Ajit Singh Nagar,160071,Punjab,"5th Floor, Office suites Jubilee Walk Mall, 551, Sector 70, Sahibzada Ajit Singh Nagar, Punjab 160071, India",+91 82888 89575,https://www.ravneettk.com/,5,23,False,"['Yoga studio', 'Counselor', 'Health counselor', 'Health spa', 'Life coach', 'Meditation center', 'Psychologist', 'Wellness center', 'Reiki therapist']",ChIJVzqV6HjxDzkRzOFbH-LdD9I,30.698538,76.709099,5,primary_cat
Divya Yoga,Yoga studio,Sahibzada Ajit Singh Nagar,140308,Punjab,"House no, 2271, Sector 89, Lakhnaur, Sahibzada Ajit Singh Nagar, Punjab 140308, India",+91 98774 57243,https://divyayogainstructor.in/,4.9,40,False,"['Yoga studio', 'Bikram yoga studio', 'Pilates studio', 'Yoga retreat center', 'Yoga instructor']",ChIJd20szwfvDzkRWRGTcUxempo,30.6929782,76.684848,39,primary_cat
Studio Samyama,Yoga studio,Sahibzada Ajit Singh Nagar,160059,Punjab,"House No 1134, Second Floor, Phase 5, Sector 59, Sahibzada Ajit Singh Nagar, Punjab 160059, India",+91 98889 99939,,4.6,20,False,['Yoga studio'],ChIJI48btGnvDzkRQX8yxHjf4L4,30.7140239,76.7149441,73,primary_cat
Krishna Wellness and Healthcare,Yoga studio,Sahibzada Ajit Singh Nagar,160062,Punjab,"3488, Sector 70, Sahibzada Ajit Singh Nagar, Punjab 160062, India",,https://krishna-wellness-qwodwf6.gamma.site/,5,13,False,"['Yoga studio', 'Mediation service', 'Nutritionist', 'Wellness program']",ChIJ_R4TMlXvDzkRBU_E0X8oUJ0,30.6927028,76.7125315,10,primary_cat
The Rey: Fitness and dance studio,Fitness center,Sahibzada Ajit Singh Nagar,140307,Punjab,"Sco 31, Sector 91, Sahibzada Ajit Singh Nagar, Punjab 140307, India",+91 63505 28949,,5,39,False,['Fitness center'],ChIJI7PplwPvDzkRseVf1n5jgR8,30.6990135,76.6807378,9,primary_cat
Ignite Fitness,Fitness center,Sahibzada Ajit Singh Nagar,140307,Punjab,"SCO 53, Sector 91 Rd, near JLPL, Sector 91, Sahibzada Ajit Singh Nagar, Punjab 140307, India",+91 80000 02467,,4.7,42,False,"['Fitness center', 'Gym']",ChIJAxxcJGzvDzkRwsXIsyvXvao,30.6992883,76.6790524,8,primary_cat
ANAATHAE Yog,Yoga studio,Sahibzada Ajit Singh Nagar,160055,Punjab,"tdi city, 708E, near wellington Heights, Sector 117, Sahibzada Ajit Singh Nagar, Punjab 160055, India",+91 76969 43769,,5,26,False,['Yoga studio'],ChIJR6kCTwDvDzkRNrDw91VSnuU,30.7236461,76.6783098,24,primary_cat
Oceans7 Fitness Gym,Gym,Sahibzada Ajit Singh Nagar,140307,Punjab,"MMXH+JH5, SCO 48, Sector 91 Rd, Sector 91, Sahibzada Ajit Singh Nagar, Punjab 140307, India",+91 82849 44091,https://www.oceans7.co.in/,2.9,17,False,"['Gym', 'Fitness center', 'Personal trainer', 'Weight loss service', ""Women's personal trainer""]",ChIJdV52sWTvDzkRQQQQwh54BwI,30.6990842,76.6791391,123,primary_cat
The Warrior Gym,Gym,Sahibzada Ajit Singh Nagar,140308,Punjab,"Sector 89, Sahibzada Ajit Singh Nagar, Punjab 140308, India",+91 70873 20336,,5,29,False,['Gym'],ChIJBzgqyYnvDzkRfDfPvOTqD3A,30.6871235,76.6868516,30,primary_cat
Meet Singh Fitness,Personal trainer,Chandigarh,160047,Chandigarh,"2969, housing board flats, Sector 49 D, Sector 49, Chandigarh, 160047, India",+91 73558 58095,https://www.krfitnessstudio.in/,5,13,False,"['Personal trainer', 'Fitness center']",ChIJv1pawL3tDzkRqS3yKVRYhys,30.6920619,76.7485654,2,primary_cat
The Mohali Club,Gym,Sahibzada Ajit Singh Nagar,160062,Punjab,"Phase 11, Sector 65, Sahibzada Ajit Singh Nagar, Punjab 160062, India",+91 98759 44401,http://www.mohaliclub.net/,4.5,3669,False,"['Gym', 'Banquet hall', 'Club', 'Restaurant', 'Swim club']",ChIJv0lslhHsDzkR29eqxWm4cXE,30.6850541,76.7505869,1560,primary_cat
Pro Ultimate Gyms - Bestech,Gym,Sahibzada Ajit Singh Nagar,160062,Punjab,"PLOT NO 602, 2nd floor, Sector 66, Sahibzada Ajit Singh Nagar, Punjab 160062, India",+91 94905 70001,https://www.facebook.com/proultimategyms,4.8,988,False,['Gym'],ChIJzdcg2FjtDzkRP6FhiY2gO8U,30.6764956,76.738498,102,primary_cat
Prana Nutrition & yoga center,Yoga studio,Sahibzada Ajit Singh Nagar,160062,Punjab,"Sco -47, second floor, Phase 10, Sahibzada Ajit Singh Nagar, Punjab 160062, India",,,5,21,False,"['Yoga studio', 'Health consultant', 'Weight loss service', 'Yoga instructor']",ChIJOQs_nDXtDzkRt6ZWE-qp9G8,30.6864441,76.738538,12,primary_cat
Mohali Golf Range,Gym,Sahibzada Ajit Singh Nagar,160062,Punjab,"International Airport Road, 480, Jagatpura Bypass Rd, opp. Mohali Club, Phase 11, Sector 65, Sahibzada Ajit Singh Nagar, Punjab 160062, India",+91 172 221 1207,,4.3,1104,False,"['Gym', 'Golf club', 'Golf course', 'Golf driving range']",ChIJUxQ5uw3sDzkRgnKW86qYO_o,30.6824389,76.7533985,1033,primary_cat
SOOD GYM Landran,Gym,"Landran, Sahibzada Ajit Singh Nagar",140307,Punjab,"opposite Johnson Tiles, JLPL Sector 94, Landran, Sahibzada Ajit Singh Nagar, Punjab 140307, India",+91 95699 11900,,4.9,472,False,['Gym'],ChIJGdP02UnuDzkRmP2OWa4utc0,30.6926189,76.6685069,704,primary_cat
Fit&Lit Fitness,Gym,Sahibzada Ajit Singh Nagar,160062,Punjab,"SCF 116 & 117, Phase 7, Sector 61, Sahibzada Ajit Singh Nagar, Punjab 160062, India",+91 97811 34801,,4.6,60,False,['Gym'],ChIJLXK6xP3vDzkR_RRF-kC8b-I,30.7029208,76.7268802,26,primary_cat
Fitx Pro Fitness - 3b2 Mohali,Gym,Sahibzada Ajit Singh Nagar,160059,Punjab,"2nd & 3rd Floor, SCO 89 & 90, Phase 3B2, Phase 3B-2, Sector 60, Sahibzada Ajit Singh Nagar, Punjab 160059, India",+91 97686 00094,,4.6,92,False,['Gym'],ChIJJRNtP1bvDzkRC1CxEEhvg8A,30.7095592,76.7212102,25,primary_cat
Hunk's Mania fitness,Gym,Sahibzada Ajit Singh Nagar,160062,Punjab,"Phase 7, Scf-52, Sahibzada Ajit Singh Nagar, Punjab 160062, India",+91 78883 32175,,4.6,211,False,"['Gym', 'Fitness center']",ChIJVZzInFnuDzkRs-py3AZO8EA,30.7051674,76.7251267,55,primary_cat
FOREVER FITNESS,Gym,Sahibzada Ajit Singh Nagar,160059,Punjab,"SCF 4, Phase 3B2, Sector 60, Sahibzada Ajit Singh Nagar, Punjab 160059, India",+91 62805 07660,https://www.instagram.com/f2foreverfitness?igsh=b3QzcDZxcDQzZzg=&utm_source=qr,4.7,85,False,['Gym'],ChIJG91ojo7vDzkRWWXzSeFa3nk,30.7135,76.7181612,31,primary_cat
The STF Cult,Gym,Sahibzada Ajit Singh Nagar,160059,Punjab,"SCF 23-24, Phase 3B-1, Phase 3B-2, Sector 60, Sahibzada Ajit Singh Nagar, Punjab 160059, India",+91 62832 12020,,4.7,222,False,['Gym'],ChIJNXEA0InuDzkRmAbe-7xjX8s,30.7128054,76.7182425,44,primary_cat
PRO ULTIMATE GYMS PHASE 2,Gym,Sahibzada Ajit Singh Nagar,160055,Punjab,"SCO 81-82, Phase 2, Sector 54, Sahibzada Ajit Singh Nagar, Punjab 160055, India",+91 94245 40009,https://proultimategyms.in/phase-2/,4.9,942,False,['Gym'],ChIJET8jtWrvDzkRlwJfMmJ4lHE,30.7216681,76.7297624,102,primary_cat
Iron Zone Fitness Hub,Gym,Chandigarh,160047,Chandigarh,"Iron zone gym, s c o -76, Sector 47 D, Sector 47, Chandigarh, 160047, India",+91 95011 61166,,4.3,68,False,['Gym'],ChIJO98WG6DtDzkRjZWduCKQ8h8,30.6962034,76.768027,6,primary_cat
Clan Fitness,Fitness center,Sahibzada Ajit Singh Nagar,160059,Punjab,"2nd Floor, Scf 27, near Astoria Hotel, Phase 5, Sector 59, Sahibzada Ajit Singh Nagar, Punjab 160059, India",+91 77195 34367,,5,75,False,"['Fitness center', 'Health consultant', 'Medical clinic', 'Nutritionist', 'Personal trainer', 'Weight loss service']",ChIJN8fKufPvDzkRJvIl8hw__8o,30.7180145,76.7142935,48,primary_cat
Universal Fitness Centre,Gym,"Nagar, Sahibzada Ajit Singh Nagar",160059,Punjab,"SCF 97/1-2, Near Chawla Chowk, Phase 3B-2, Sector 60, Sahibzada Ajit Singh, Nagar, Punjab 160059, India",+91 98771 64092,,4.2,12,True,['Gym'],ChIJ117BWRLvDzkRkEnVN6ChPkw,30.7089211,76.7225136,3,primary_cat
Rashmi Wellness Club,Weight loss service,Sahibzada Ajit Singh Nagar,160059,Punjab,"First Floor, 3-5, HM -65, Phase Lights, near Main Road, Phase 3B-1, Sector 60, Sahibzada Ajit Singh Nagar, Punjab 160059, India",+91 73928 33333,,4.7,28,False,"['Weight loss service', 'Dietitian']",ChIJQXDfzDLvDzkRvrYkhCj7AMw,30.7129146,76.7191816,25,primary_cat
Aagaaz Kala Kendra School Of Music,Yoga studio,Sahibzada Ajit Singh Nagar,160062,Punjab,"Level-3, SCF-117, near Axis Bank - Mohali, Phase 7, Sector 61, Sahibzada Ajit Singh Nagar, Punjab 160062, India",+91 78376 79456,,5,125,False,"['Yoga studio', 'Dance school', 'Musical instrument store', 'Music school']",ChIJqWKMHhfvDzkR-3sI2cFI36g,30.7024669,76.7272042,35,primary_cat
Deep Jyoti Yoga,Yoga studio,Sahibzada Ajit Singh Nagar,160062,Punjab,"YPS Chowk, Mohali 7 Phase, Sector 62, Sahibzada Ajit Singh Nagar, Punjab 160062, India",+91 76268 03262,,,,False,['Yoga studio'],ChIJUVUhiTvvDzkR9bTdYPj4ZLA,30.7047313,76.7340474,1,primary_cat
Sona Gym & Spa,Gym,Sahibzada Ajit Singh Nagar,160071,Punjab,"Top Floor, SCO 672, above Federal Bank, Sector 70, Sahibzada Ajit Singh Nagar, Punjab 160071, India",+91 98888 91318,https://sonagymspa.in/,4.8,250,False,"['Gym', 'Aerobics instructor', 'Fitness center', 'Health and beauty shop', 'Health consultant', ""Women's health clinic"", 'Physical fitness program', 'Weight loss service', 'Weightlifting area', ""Women's personal trainer""]",ChIJ5QCdMpfuDzkRqZnx5-Bep_k,30.6953545,76.7181104,47,primary_cat
Power Zone,Fitness center,Sahibzada Ajit Singh Nagar,140308,Punjab,"Wave Estate, SCO 13, Sector 85, Sahibzada Ajit Singh Nagar, Punjab 140308, India",+91 70092 72487,,5,23,False,"['Fitness center', 'Gym', 'Gymnasium school', 'Health consultant', 'Weight loss service', 'Weightlifting area', 'Wellness center']",ChIJx8Anj6TuDzkRf498mam8Lfw,30.663571,76.7098212,30,primary_cat
KAYAKALP FIT,Fitness center,Sahibzada Ajit Singh Nagar,140308,Punjab,"Ground floor, Gate no. 2, Wave Estate, Sco C1, Sector 85, Sahibzada Ajit Singh Nagar, Punjab 140308, India",+91 99885 79888,,,,False,['Fitness center'],ChIJdVDeapfpDzkRZcbAQ_BhsAQ,30.6637505,76.7090774,7,primary_cat
StrengthSkap,Fitness center,Sahibzada Ajit Singh Nagar,140308,Punjab,"Gate Number 2, C Block E, C5 Pocket, Sahibzada Ajit Singh Nagar, Punjab 140308, India",+91 95922 32333,,4.9,85,False,"['Fitness center', 'Physical rehabilitation center', 'Gym', 'Pain management physician', 'Physical therapy clinic']",ChIJPR_wfVrpDzkRUBJXKdKlbHI,30.6638644,76.7092785,17,primary_cat
The Undisputed Club,Wellness center,Sahibzada Ajit Singh Nagar,140306,Punjab,"Wave Estate, Sector 85, Sahibzada Ajit Singh Nagar, Punjab 140306, India",,,,,False,['Wellness center'],ChIJG0mMYXXpDzkRNruiSFc2-qM,30.6636429,76.7105483,1,primary_cat
Fitness by Soma (Women Fitness Studio),Fitness center,Sahibzada Ajit Singh Nagar,160062,Punjab,"2nd & 3rd Floor, Jubilee Junction, SCO 20, Sector 66, Sahibzada Ajit Singh Nagar, Punjab 160062, India",+91 79739 29088,https://www.fitnessbysoma.com/,5,61,False,"['Fitness center', 'Gym', ""Women's personal trainer""]",ChIJo5TtD6vvDzkRHLDePQp-AoQ,30.6726764,76.7274443,50,primary_cat
Oxfit gym and spa,Gym,Sahibzada Ajit Singh Nagar,140308,Punjab,"Scf-106, 107 & 108, Sector 78, Sahibzada Ajit Singh Nagar, Punjab 140308, India",+91 99885 58960,http://www.instagram.com/oxfit_gym_mohali,4.7,214,False,['Gym'],ChIJUTEqMCfvDzkRMzp93gHA07I,30.6808905,76.7086736,52,primary_cat
Pilates Social Club,Pilates studio,Sahibzada Ajit Singh Nagar,160068,Punjab,"2nd floor, District One, SCO 23, Sector 68, Sahibzada Ajit Singh Nagar, Punjab 160068, India",+91 80909 09777,http://pilatessocialclub.in/,5,18,False,['Pilates studio'],ChIJNUSP9BzvDzkRJeESRD97DyY,30.6803717,76.7224819,27,primary_cat
D1 Spa And Wellness,Spa and health club,Sahibzada Ajit Singh Nagar,140306,Punjab,"2nd Floor, D1 SPA AND WELLNESS, ALC DISTRIC 1 MARKET, SCO 14, Sector 68, Sahibzada Ajit Singh Nagar, Punjab 140306, India",+91 90415 41544,https://sites.google.com/view/d1-spa-and-wellness/home?authuser=0,5,33,False,['Spa and health club'],ChIJ94gbFMHvDzkRtDWT7p3XSNI,30.6798032,76.7220485,18,primary_cat
Fitness 7 Gym Chain,Fitness center,Sahibzada Ajit Singh Nagar,160062,Punjab,"Gym Chain, Sco 4/5, near Army Law Institute Fitness 7, Sector 68, Sahibzada Ajit Singh Nagar, Punjab 160062, India",+91 96462 08707,https://sonusingh.in/best-gym-in-sector-68-mohali/,4.9,230,False,"['Fitness center', 'Gym', 'Gymnastics club', 'Personal trainer', 'Physical fitness program', 'Pilates studio', 'Yoga studio']",ChIJsf5hPrfvDzkRcg7nRFYTFlM,30.6852238,76.721355,395,primary_cat
Arpana Yogashala,Yoga studio,Sahibzada Ajit Singh Nagar,140308,Punjab,"748, Sector 80, Sahibzada Ajit Singh Nagar, Punjab 140308, India",+91 98181 59563,,5,51,False,['Yoga studio'],ChIJQbIUAyzvDzkRTD6Dy03cVtg,30.6733172,76.7163468,120,primary_cat
Shaptkon yog,Yoga studio,Sahibzada Ajit Singh Nagar,140308,Punjab,"Verka booth, Near, Sector 79, Sahibzada Ajit Singh Nagar, Punjab 140308, India",+91 97800 00238,https://shaptkonyog.in/,5,9,False,['Yoga studio'],ChIJb_m9eALvDzkRt0wDweIJpww,30.6767629,76.7089701,1,primary_cat
"OZMO Slimming Studio Mohali – Personalised Gym, Yoga, Zumba, Diet Plans & Weight Loss Studio",Weight loss service,Sahibzada Ajit Singh Nagar,140306,Punjab,"sco 84, near hdfc bank, Sector 86, Sahibzada Ajit Singh Nagar, Punjab 140306, India",+91 99155 76363,http://www.ozmoslimmingstudio.com/,5,34,False,"['Weight loss service', 'Dietitian', 'Fitness center', 'Gym', 'Health consultant', 'Nutritionist', 'Pain control clinic', 'Personal trainer', 'Physical fitness program', 'Yoga studio']",ChIJSXEKuBLvDzkR5JS7AlGP0E0,30.668566,76.7020212,65,primary_cat
Mantra Sansaar,Yoga studio,Sahibzada Ajit Singh Nagar,160061,Punjab,"Mall back side, CP 67, Sector 67, Sahibzada Ajit Singh Nagar, Punjab 160061, India",+91 80545 27015,https://www.instagram.com/mantra_sansaar/,5,3,False,['Yoga studio'],ChIJOXSGvtLvDzkRQuk4ujfbiFA,30.6788688,76.7230948,3,primary_cat
Solid fitness gym,Fitness center,Sahibzada Ajit Singh Nagar,140308,Punjab,"Kharar - Landran Rd, Sector 77, Sector 79, Sahibzada Ajit Singh Nagar, Punjab 140308, India",,,4.7,216,False,['Fitness center'],ChIJiR98q2TvDzkRVrlYmnsQ7fA,30.678436,76.7082361,40,primary_cat
IISER Mohali Gym,Gym,Sahibzada Ajit Singh Nagar,140306,Punjab,"Sector 81, Sahibzada Ajit Singh Nagar, Punjab 140306, India",,http://www.iisermohali.ac.in/,4,24,False,['Gym'],ChIJkdgCAVTpDzkRmmQa7h_8VTA,30.6638669,76.7282133,10,primary_cat
Trident Gym,Fitness center,Sahibzada Ajit Singh Nagar,140308,Punjab,"2nd Floor, SCO No.30, Sector 79, Sahibzada Ajit Singh Nagar, Punjab 140308, India",+91 88378 93292,https://www.instagram.com/trident_gym/?igshid=YTQwZjQ0NmI0OA==,4.9,148,False,['Fitness center'],ChIJLevhbszvDzkRzPM3EJCfaNc,30.6817598,76.7181821,52,primary_cat
Pro Ultimate Gyms - Wave Estate Mohali,Gym,Sahibzada Ajit Singh Nagar,140308,Punjab,"Wave Estate, SCO 7-8-9-10, Sector 85, Sahibzada Ajit Singh Nagar, Punjab 140308, India",+91 6284 849 266,https://www.proultimategyms.in/,4.9,391,False,['Gym'],ChIJORfPIFXpDzkRjunj08tJW-A,30.6668526,76.7031231,59,primary_cat
GetFitByKD,Personal trainer,Sahibzada Ajit Singh Nagar,140308,Punjab,"Wave Estate, Sector 85, Sahibzada Ajit Singh Nagar, Punjab 140308, India",,https://getfitbykd.urbanpro.com/,5,6,False,['Personal trainer'],ChIJsz8_ftTpDzkRf4wSawVZaFs,30.665107,76.7040617,0,primary_cat
ALPHA ZONE GYM,Gym,Sahibzada Ajit Singh Nagar,140308,Punjab,"2ND FLOOR, MNB GROUP, SCO 16-17, Landran Rd, Sohana, Sahibzada Ajit Singh Nagar, Punjab 140308, India",+91 97793 33155,https://alphazonegym.in/,4.8,94,False,['Gym'],ChIJRRUYHYnvDzkRCT85PGBQyIw,30.6910467,76.7093083,98,primary_cat
Octane Elite Fitness Gym,Fitness center,Sahibzada Ajit Singh Nagar,160071,Punjab,"Jublee walk, Sector 70, Sahibzada Ajit Singh Nagar, Punjab 160071, India",+91 90560 10909,,4.4,19,True,['Fitness center'],ChIJ8wokgi7vDzkRuLiKE_ztmkI,30.697067,76.7161265,2,primary_cat
Thirkan Lalit Kkala Kendraa | Dance Classes in Mohali,Fitness center,Sahibzada Ajit Singh Nagar,160062,Punjab,"Basement, SCO 1, Main Market Rd, below Waycup Cafe, Sector 68, Sahibzada Ajit Singh Nagar, Punjab 160062, India",+91 98551 12300,https://www.thirkanmohali.com/,4.9,134,False,"['Fitness center', 'Dance company', 'Educational institution', 'Dance school', 'Hip hop dance class', 'Performing arts group', 'Salsa classes', 'Yoga studio']",ChIJOzT34VbvDzkRJtM9zEokW_U,30.6853426,76.7213293,247,primary_cat
"Putt Punjab De Bhangra Academy, Mohali",Fitness center,Sahibzada Ajit Singh Nagar,160062,Punjab,"City Park, Sector 68, Sahibzada Ajit Singh Nagar, Punjab 160062, India",+91 95903 10001,https://rohitjaura.github.io/PuttPunjabDeScanResult/,4.9,32,False,"['Fitness center', 'Dance club', 'Dance school', 'Performing arts group']",ChIJ9Q4dfFbvDzkRBEWu8KKW3nA,30.6882223,76.7305773,14,primary_cat
Hands Wellness Services,Wellness center,Sahibzada Ajit Singh Nagar,160062,Punjab,"2406, Phase 10, Sector 64, Sahibzada Ajit Singh Nagar, Punjab 160062, India",+91 98781 25469,http://hands.life/,,,True,['Wellness center'],ChIJf1vpLRnsDzkRlj8Wk2SjAno,30.689602,76.7397189,2,primary_cat
Art of Living Meditation Centre,Wellness center,Sahibzada Ajit Singh Nagar,160062,Punjab,"House No : 914, Industrial Area Mohali Phase 9, Sahibzada Ajit Singh Nagar, Punjab 160062, India",+91 98884 39044,https://www.artofliving.org/in-en/sahaj-samadhi,5,1,False,['Wellness center'],ChIJxzPro1DvDzkR2bc1L0kWcbE,30.6836658,76.7307663,1,primary_cat
The beat box dance & fitness studio,Dance school,Sahibzada Ajit Singh Nagar,160062,Punjab,"Gurukul World School, Sector 69, Sahibzada Ajit Singh Nagar, Punjab 160062, India",+91 73470 63378,,5,22,False,"['Dance school', 'Dance company']",ChIJTfB6Fv3vDzkRzebCconI7Ls,30.6893082,76.715437,15,title_keyword
Armour Zone,Gym,Sahibzada Ajit Singh Nagar,140308,Punjab,"36,37, SCO-35, Sector 88, Sahibzada Ajit Singh Nagar, Punjab 140308, India",+91 98141 87268,,4.8,91,False,['Gym'],ChIJi5HrJc7vDzkRHdpqQwi_1-k,30.6807927,76.6920413,43,primary_cat
Kapil gym,Gym,Sahibzada Ajit Singh Nagar,140308,Punjab,"Sohana, Sahibzada Ajit Singh Nagar, Punjab 140308, India",,,5,1,False,['Gym'],ChIJhZfO4_vvDzkR0vaNSgZJFTA,30.6881584,76.7062306,0,primary_cat
"PowerZone Gym, Sector 88",Gym,Sahibzada Ajit Singh Nagar,140308,Punjab,"Level 2, SCO 5-6-7, above Chai Churi, Sector 88, Sahibzada Ajit Singh Nagar, Punjab 140308, India",+91 77107 72777,,4.9,56,False,['Gym'],ChIJHaM3qZDvDzkR9BY-xZEt5dI,30.6815736,76.6914099,17,primary_cat
Claps Fitness,Gym,Sahibzada Ajit Singh Nagar,140308,Punjab,"SCO 4-5-6-7-8, adjoining Gurudwara Singh Shaheedan, Sector 78, Sahibzada Ajit Singh Nagar, Punjab 140308, India",+91 82740 02121,http://www.clapsfitness.in/,4.1,349,False,['Gym'],ChIJR5SIJRzvDzkREi3YTEGZlP0,30.6886464,76.7125688,185,primary_cat
Chandan Bhatia,Fitness center,Chandigarh,160047,Chandigarh,"389/1, Sector 44 A, Sector 44, Chandigarh, 160047, India",,,,,False,"['Fitness center', 'Health consultant', 'Weight loss service', 'Wellness center']",ChIJFbdK5hPtDzkRWjAtAZAxJ1Q,30.7173803,76.757737,22,primary_cat
The Impirium Flex Gym,Gym,Sahibzada Ajit Singh Nagar,140307,Punjab,"Tdi city, Top Floor, South Extension 1, SCO 1107-1111, Sector 118, Sahibzada Ajit Singh Nagar, Punjab 140307, India",+91 98157 75333,https://www.theimpiriumflex.com/,3.8,16,False,['Gym'],ChIJYc3tR8XvDzkRvv5DA2S5GGU,30.7298862,76.6790715,20,primary_cat
The spiritual eye institute,Yoga studio,Sahibzada Ajit Singh Nagar,160055,Punjab,"Phase 1, tdi city, 692, Sector 117, Sahibzada Ajit Singh Nagar, Punjab 160055, India",+91 96037 10751,https://thespiritualeyeinstitute.in/,5,16,False,"['Yoga studio', 'Alternative medicine practitioner', 'Gift shop', 'Health counselor', 'Holistic medicine practitioner', 'Wholesaler', 'Meditation center']",ChIJ2QGyS9zvDzkR65CDcGcFSR8,30.7261545,76.678275,42,primary_cat
THE WELLNESS QUEEN,Gym,Sahibzada Ajit Singh Nagar,160059,Punjab,"2nd & 3rd Floor, SCF-22, Phase 3B2, Sector 60, Sahibzada Ajit Singh Nagar, Punjab 160059, India",+91 70781 00017,https://www.thewellnesqueen.com/,5,11,False,"['Gym', 'Cafe', 'Yoga studio']",ChIJV1-2TQHvDzkRO_M5cBOWB-E,30.7127795,76.7184777,17,primary_cat
Max Home Fitness,Personal trainer,Sahibzada Ajit Singh Nagar,160059,Punjab,"SCO 2, Phase 5, Sector 59, Sahibzada Ajit Singh Nagar, Punjab 160059, India",,,4.6,348,False,['Personal trainer'],ChIJL4YmAbPvDzkRDhZmHdqRUig,30.7165195,76.716347,82,primary_cat
FITNESS MYANTRA,Fitness center,Sahibzada Ajit Singh Nagar,160055,Punjab,"³ top floor, SCO 84, Shahimajra Rd, phase 5, Sector 58, Sahibzada Ajit Singh Nagar, Punjab 160055, India",+91 99159 23869,,4.8,36,False,['Fitness center'],ChIJNXktcuXvDzkRToEwFVRQEVw,30.7184777,76.7062829,23,primary_cat
Fitwiser - Simplifying Weight Loss,Weight loss service,Sahibzada Ajit Singh Nagar,160059,Punjab,"SCO 2, Phase 5, Sector 59, Sahibzada Ajit Singh Nagar, Punjab 160059, India",+91 98150 80032,https://fitwiser.in/simplifying-weight-loss/,4.8,570,False,"['Weight loss service', 'Dietitian', 'Personal trainer', 'Physical fitness program']",ChIJAQAAwGHuDzkR553WsyYKlZI,30.7165195,76.716347,38,primary_cat
Mohali Wellness Studio,Fitness center,Sahibzada Ajit Singh Nagar,160059,Punjab,"495, Phase 3-A N Rd, Phase 3 A, Sector 53, Sahibzada Ajit Singh Nagar, Punjab 160059, India",+91 79861 23366,,,,False,"['Fitness center', 'Health and beauty shop', 'Health counselor', 'Physical fitness program']",ChIJuSePqbnvDzkR2HqmPU0iSXM,30.7169253,76.7258059,1,primary_cat
VedSanjeevani Yogic Healing and Wellness Centre,Yoga studio,Sahibzada Ajit Singh Nagar,160055,Punjab,"236, Phase 2, Sector 54, Sahibzada Ajit Singh Nagar, Punjab 160055, India",+91 96469 56539,,5,4,False,['Yoga studio'],ChIJH2elKG_vDzkRtZC05lKvep4,30.7236225,76.7234153,30,primary_cat
M AND A INNOVATIVES PVT.LTD.,Tour operator,Sahibzada Ajit Singh Nagar,160059,Punjab,"2nd & 3rd Floor, SCF-22, Phase 3B2, Sector 60, Sahibzada Ajit Singh Nagar, Punjab 160059, India",,https://www.m-ainnovatives.com/,5,2,False,"['Tour operator', 'Gym', 'Spa', 'Wellness center']",ChIJ8ZnVIivvDzkRgPCbLuNGxwk,30.7127801,76.7184772,3,secondary_cat
Taekwondo Association District SAS Nagar Mohali (R),Martial arts school,Sahibzada Ajit Singh Nagar,160055,Punjab,"C-4, Phase 1, Industrial Area, Sahibzada Ajit Singh Nagar, Punjab 160055, India",,http://districttaekwondoassociationmohali.blogspot.com/,5,2,False,['Martial arts school'],ChIJtTXqUFTvDzkRxw1oF-3LhLA,30.7257623,76.7071842,0,title_keyword
The Dance Mafia,Fitness center,Sahibzada Ajit Singh Nagar,160059,Punjab,"SCF-68, 2nd Floor, Phase 5, Sector 59, Sahibzada Ajit Singh Nagar, Punjab 160059, India",+91 79735 39121,,4.9,57,False,"['Fitness center', 'Dance club', 'Dance hall', 'Dance school', 'Hip hop dance class', 'Physical fitness program', 'Salsa classes', 'Wedding store', 'Yoga studio']",ChIJVwr5cVbvDzkRvZUhkQUBODI,30.7148729,76.7174321,587,primary_cat
Mohali Taekwondo Academy,Martial arts school,Sahibzada Ajit Singh Nagar,160055,Punjab,"C-4, Phase 1, Industrial Area, Sector 57, Sahibzada Ajit Singh Nagar, Punjab 160055, India",,https://mohalitaekwondoacademy1.blogspot.com/,5,1,False,"['Martial arts school', 'Karate club', 'Martial arts club', 'Taekwondo school']",ChIJy1X8SX_vDzkR7Zz1P4rrhpY,30.7259661,76.7069551,60,title_keyword
Swasth Home,Wellness center,Sahibzada Ajit Singh Nagar,160055,Punjab,"129, Sector 55, Phase 1, Sector 55, Sahibzada Ajit Singh Nagar, Punjab 160055, India",+91 81468 99973,,,,False,['Wellness center'],ChIJpbfISZ_vDzkRMqHTluAbgoI,30.7247824,76.7193032,2,primary_cat
Punjab Taekwondo Association,Fitness center,Sahibzada Ajit Singh Nagar,160055,Punjab,"C-4, Industrial Area, near Chandigarh, Phase 1, Sector 57, Sahibzada Ajit Singh Nagar, Punjab 160055, India",+91 99886 63350,http://www.punjabtaekwondoassociationpta.blogspot.com/,4.9,28,False,"['Fitness center', 'Charter school', 'Taekwondo school', 'Karate school', 'Martial arts club', 'Martial arts school', 'Meditation center', 'Self defense school', 'Sports club', 'Training center']",ChIJX_WxEUPuDzkRzEMVYUW7vxM,30.725537,76.7066068,454,primary_cat
Yogasth,Yoga studio,Sahibzada Ajit Singh Nagar,160059,Punjab,"First 541, Phase 3 A, Sector 53, Sahibzada Ajit Singh Nagar, Punjab 160059, India",+91 89688 36963,http://www.yogasth.com/,5,1,False,"['Yoga studio', 'Astrologer', 'Meditation center', 'Meditation instructor', 'Physical therapist', 'Reiki therapist', 'Ritual services']",ChIJUyZ9hn7uDzkRKvN28ykc6C4,30.7172299,76.7248325,70,primary_cat
Match Point Lawn Tennis Academy,Tennis court,Sahibzada Ajit Singh Nagar,160055,Punjab,"Swami Ram Tirtha Smart School, Phase 4, Sector 59, Sahibzada Ajit Singh Nagar, Punjab 160055, India",+91 97805 84171,https://tenniskhelo.com/academy/match-point-lawn-tennis-academy-chandigarh-chandigarh,5,3,False,"['Tennis court', 'Athletic club', 'Sports complex', 'Tennis club', 'Tennis instructor']",ChIJb_SmtBfvDzkRnOvSnpXC7rw,30.7162447,76.7176831,19,secondary_cat
Prabhjot singh,Wellness center,Sahibzada Ajit Singh Nagar,160055,Punjab,"near Government School, Shahi Majra, Industrial Area, Sector 58, Sahibzada Ajit Singh Nagar, Punjab 160055, India",,http://bit.ly/2T7lE7i,5,1,False,['Wellness center'],ChIJo8TUmtnvDzkR7tNCWNI0e3M,30.7208941,76.7075423,5,primary_cat
Chandigarh Physiotherapy Center,Physical therapy clinic,Sahibzada Ajit Singh Nagar,160059,Punjab,"SCO 47, near LIC, Phase 2, Sector 54, Sahibzada Ajit Singh Nagar, Punjab 160059, India",,https://business.google.com/v/_/AKsrIN1oq0Jye1y3Gm5rxY8qY_MPQ8pW2n-cW4kPnLKxBTvKfZFdTKg/10ac/_?exp=1778401&myads=1,5,24,False,['Physical therapy clinic'],ChIJq6qqanruDzkRrcvynRmR7MQ,30.723688,76.7276341,57,primary_cat
Wininches (Women Strength and Fitness Studio),Physical fitness program,Sahibzada Ajit Singh Nagar,160059,Punjab,"Third floor, Scf 9, Phase 5, Sector 59, Sahibzada Ajit Singh Nagar, Punjab 160059, India",+91 88375 58662,https://wininches.com/,5,70,False,['Physical fitness program'],ChIJb2X2KRLnpY4R1fxobcUWWxA,30.719078,76.7132576,35,primary_cat
Solid Steel Gym,Gym,Sahibzada Ajit Singh Nagar,160055,Punjab,"Sco 30, near Franco Hotel Road, Sector 55, Phase 1, Sector 55, Sahibzada Ajit Singh Nagar, Punjab 160055, India",,https://solidsteelgym.netlify.app/,5,77,False,['Gym'],ChIJh0T1-XLvDzkRlFF_5LZzMEQ,30.7271429,76.7232183,20,primary_cat
Raw Zone Gym,Gym,Sahibzada Ajit Singh Nagar,160059,Punjab,"SCF 4, 2nd & 3rd Floor, Phase 5, Sahibzada Ajit Singh Nagar, Punjab 160059, India",,,4.4,57,False,['Gym'],ChIJu8i6dcnvDzkRIlSvOzOPIOc,30.7191565,76.7131308,15,primary_cat
Train Insane Gym,Gym,Sahibzada Ajit Singh Nagar,160055,Punjab,"Sco 23 ,Top Floor, Phase 1, Sector 55, Phase 1, Mohali Village, Sahibzada Ajit Singh Nagar, Punjab 160055, India",+91 96532 81759,https://traininsanegym.co.in/,4.7,49,False,['Gym'],ChIJiVz53TzvDzkRoQHVt8_o6ZU,30.7276889,76.7227826,20,primary_cat
Elite24 Fitness Point,Gym,Sahibzada Ajit Singh Nagar,160055,Punjab,"SCO 1008-1011, TDI City Road No. 1, Sector 74 A, Sahibzada Ajit Singh Nagar, Punjab 160055, India",+91 96579 00006,https://elite24fitnesspoint.in/,4.1,69,False,['Gym'],ChIJiWpCUgDvDzkR45g0qurVaag,30.7239386,76.6820343,40,primary_cat
Rimpy Raj School of Dance,Dance school,Sahibzada Ajit Singh Nagar,140307,Punjab,"Society, Dream Homes Rd, near MOTIAZ ROYAL FAME, Sector 117, fame 2, Sahibzada Ajit Singh Nagar, Punjab 140307, India",+91 99885 95177,,4.8,52,False,"['Dance school', 'Dance company', 'Fitness center', 'Hip hop dance class', 'Salsa classes', 'Yoga studio']",ChIJ1U0Viv_vDzkRk-hPbp9tQOI,30.7275823,76.6751651,27,secondary_cat
K V MUSCLEMANIA GYM & CARDIO,Gym,Sahibzada Ajit Singh Nagar,160055,Punjab,"First and second floor SCF 18, Phase 2, Sector 54, Sahibzada Ajit Singh Nagar, Punjab 160055, India",+91 81462 61620,,4.7,130,False,['Gym'],ChIJiS1giHDuDzkRMfjuZFBd7Lw,30.7261856,76.725142,72,primary_cat
The sweat box,Gym,Sahibzada Ajit Singh Nagar,160055,Punjab,"Sco 4, madanpur pind, Phase 2, Sector 54, Sahibzada Ajit Singh Nagar, Punjab 160055, India",,,4.9,17,False,['Gym'],ChIJx1YwEqjvDzkRbXShnN7ykF8,30.7186224,76.7253752,8,primary_cat
Aryans Dance Factory,Dance school,Chandigarh,160047,Chandigarh,"Northridge International School, 46A, Sector 46A, Chandigarh, 160047, India",+91 99150 80924,,5,13,False,"['Dance school', 'Dance company', 'Fitness center', 'Hip hop dance class', 'Salsa classes']",ChIJH2UmMpXtDzkRpwtlk3iGx8M,30.7039832,76.766575,29,secondary_cat
Quick Fitness - Gym Mohali,Gym,Sahibzada Ajit Singh Nagar,160055,Punjab,"Phase 3, Near Kids Gallery, Shahi Majra, Industrial Area, Balongi, Sahibzada Ajit Singh Nagar, Punjab 160055, India",+91 75086 14230,,4.7,21,False,['Gym'],ChIJ2YBE99rvDzkRO2hI5xW3Yac,30.7203293,76.7073942,7,primary_cat
Gmada Sports Complex Sector 59 Mohali,Sports complex,Sahibzada Ajit Singh Nagar,160059,Punjab,"Phase 5, Sector 59, Sahibzada Ajit Singh Nagar, Punjab 160059, India",,,4,105,True,"['Sports complex', 'Swimming pool']",ChIJUWZR-vLvDzkRKYydtu62RFc,30.7169491,76.7140035,98,primary_cat
360 Fitness Gym,Fitness center,Panchkula,134113,Haryana,"SCO -211, Top Floor, Sector 14, BEL Colony, Budanpur, Panchkula, Haryana 134113, India",+91 98880 90360,,4.7,274,False,"['Fitness center', 'Gym', 'Physical fitness program']",ChIJSdB4d1mTDzkR2DSmd4H4PH4,30.6833424,76.8457845,109,primary_cat
Anytime Fitness,Fitness center,Panchkula,134106,Haryana,"1st & 2nd Floor, SCO No 16, Sector 10, Budanpur, Panchkula, Haryana 134106, India",+91 77103 30326,https://www.anytimefitness.com/en-in/locations/panchkula-haryana-in-1123,4.7,520,False,"['Fitness center', 'Gym']",ChIJjcxhLZmTDzkRAWFyyyC55vY,30.6911681,76.8518054,60,primary_cat
Ankita Dance and Fitness Studio,Fitness center,Zirakpur,140604,Punjab,"House no 1470, Dogra Niwas, Peer baba road, Tehsil derabassi distt, Saini Vihar Phase 3, Baltana, Zirakpur, Punjab 140604, India",+91 79861 75536,,4.6,21,False,['Fitness center'],ChIJla-b8jPrDzkRQNaEGsuZVUo,30.6777123,76.827377,34,primary_cat
NZ FITNESS GYM,Gym,Zirakpur,140603,Punjab,"GATE NO 2, Anand vihar, SCO NO 300, Peer Baba Rd, Baltana, Sector 19, Zirakpur, Punjab 140603, India",+91 90681 79136,,5,48,False,['Gym'],ChIJnRY44E2VDzkRNbz2o1EPRgQ,30.6707901,76.8276288,24,primary_cat
Iconic Fitness Panchkula,Fitness center,Panchkula,134109,Haryana,"1st & 2nd Floor, Sco 13, opposite bus stand, Sector 10, Budanpur, Panchkula, Haryana 134109, India",+91 72400 19400,,4.7,263,False,['Fitness center'],ChIJBeVhE0yTDzkRnqhAKYxOY-M,30.6912697,76.8516619,29,primary_cat
Fit Kingdom Gym & Spa,Fitness center,Panchkula,134112,Haryana,"SCO - 14 , 2nd FLOOR, Sector 11, Panchkula, Haryana 134112, India",+91 93061 78718,,4.8,353,False,"['Fitness center', 'Gym', 'Spa', 'Spa and health club']",ChIJK7WNbzOTDzkRKo5m4Mpa754,30.6886355,76.8517128,44,primary_cat
JJ YOGA BLISS,Yoga studio,Panchkula,134113,Haryana,"Sector 16, Panchkula, Haryana 134113, India",+91 98172 21222,,4.9,153,False,['Yoga studio'],ChIJA1Kr8lGTDzkR38AwtSuFkWQ,30.6889646,76.8357111,138,primary_cat
Shaili Wellness Nest,Yoga studio,Panchkula,134113,Haryana,"Plot no 270, Industrial Area Phase 2, Panchkula, Haryana 134113, India",+91 99888 05044,https://www.instagram.com/shaili_wellness_nest/,5,13,False,"['Yoga studio', 'Wellness center', 'Wellness program', 'Yoga instructor']",ChIJpUt2pV2TDzkR1wX_3e1432A,30.6816417,76.8346079,21,primary_cat
ROBUST THE GYM,Gym,Panchkula,134112,Haryana,"SCO-46 second floor, Sector 4, Panchkula, Haryana 134112, India",+91 88378 01420,,5,542,False,['Gym'],ChIJA9aKEE2TDzkR1gXr4uABeiM,30.6906792,76.8599247,58,primary_cat
Octane Fitness Prime Panchkula,Gym,Panchkula,134109,Haryana,"second floor, SCO - 6-7 First and, Sector 16, Panchkula, Haryana 134109, India",+91 99156 85409,,4.8,520,False,['Gym'],ChIJm6r36lKTDzkRmKGMNcGl4lY,30.6956443,76.8382809,126,primary_cat
Yogdiksha,Yoga studio,Panchkula,134113,Haryana,"Sco 141, near Raffles Hospital, Sector 14, Budanpur, Panchkula, Haryana 134113, India",+91 62835 12139,,5,94,True,"['Yoga studio', 'Fitness center', 'Gym', 'Personal trainer']",ChIJJ8GD4keTDzkRIZKrNB0nECs,30.6818225,76.8485411,9,primary_cat
Evolv Gym And Spa,Fitness center,"Zirakpur, Panchkula",140603,Punjab,"2, 3, Goyal complex, 1st & 2nd Floor, Peer Muchalla Rd, above HDFC Bank Road, Zirakpur, Punjab 140603, India",+91 62399 50053,,4.8,253,False,"['Fitness center', 'Gym', 'Physical fitness program', 'Wellness center']",ChIJdzR3eWCVDzkRDiXwzB2hBSY,30.6699359,76.8548641,36,primary_cat
Exotica Gym & Spa,Gym,Panchkula,134113,Haryana,"Showroom No. 1, Sector 16, Panchkula, Haryana 134113, India",+91 98782 37885,https://www.instagram.com/exoticagymandspa/,4.6,366,False,"['Gym', 'Aero dance class', 'Aerobics instructor', 'Massage spa', 'Spa', 'Yoga studio']",ChIJyTjpkK-UDzkR2LQl6eb9FhQ,30.6960089,76.838824,81,primary_cat
Figure N Physique Gym,Fitness center,Panchkula,134113,Haryana,"SCO 265, 2nd Floor, Sector 16, Panchkula, Haryana 134113, India",,,4.5,58,True,"['Fitness center', 'Gymnastics center']",ChIJVacScUWTDzkR5JRwtqnthWM,30.6942668,76.8384922,17,primary_cat
URBAN AKHADA SAINI VIHAR,Gym,"BALTANA, Zirakpur",140604,Punjab,"PH-3,1ST & 2ND FLOOR, URBAN AKHADA, SCO 1 & 2, TRIBUNE RD, Saini Vihar, Baltana, BALTANA, Zirakpur, Punjab 140604, India",,,4.7,88,False,['Gym'],ChIJ84VtNCzrDzkRQQmBG8fmz8s,30.6764229,76.8251638,72,primary_cat
"HUSL The Fitness Club, Panchkula",Fitness center,Panchkula,134109,Haryana,"SCO 370, 1st & 2nd Floor, Sector 8, Panchkula, Haryana 134109, India",+91 70877 07878,http://huslfitness.com/?utm_source=google&utm_medium=wix_google_business_profile&utm_campaign=11424423271647889709,4.7,171,False,"['Fitness center', 'Athletic club', 'Gym', 'Personal trainer']",ChIJq_TZav6TDzkRPEwz0xOjsvk,30.6988916,76.849105,53,primary_cat
ASHTANG YOG SHALA- Yoga Classes in panchkula | Group Classes,Yoga studio,Panchkula,134113,Haryana,"857, Sector 10, Sector 9, Panchkula, Haryana 134113, India",+91 98886 23857,,4.9,56,False,['Yoga studio'],ChIJC05Nj5-TDzkRdPsTQWcIw0Y,30.6910315,76.8456421,159,primary_cat
Pro Ultimate Gyms,Gym,Panchkula,134113,Haryana,"218, Floor 1, SCO, 2, above Baker's Oven, Sector 14, Panchkula, Haryana 134113, India",+91 93392 00014,https://proultimategyms.in/,4.9,1655,False,['Gym'],ChIJ8-ha1rWTDzkRLm2z8P8LuPg,30.6828243,76.8451367,105,primary_cat
BURNin Fitness,Gym,Panchkula,134112,Haryana,"SCO 58-59, Sector 11, Panchkula, Haryana 134112, India",+91 172 350 3180,http://www.burninfitness.com/,4.9,328,False,['Gym'],ChIJvTyjIj-TDzkRuw_rONhJsOg,30.6853531,76.8480271,117,primary_cat
MUSL The Fitness Villa,Gym,Panchkula,134112,Haryana,"SCO 27-28, 2nd Floor, Sector 11, Panchkula, Haryana 134112, India",+91 98882 77387,,4.6,462,False,['Gym'],ChIJETSH5pOTDzkRSBaeHsR1Zcg,30.6877017,76.8506057,87,primary_cat
Platinum Fitness Gym & Spa,Gym,Panchkula,134109,Haryana,"Near, SCO 386-389, 2nd Floor, Sector 8, Gopal Sweet Rd, Panchkula, Haryana 134109, India",+91 172 464 6120,,4.2,436,False,"['Gym', 'Spa']",ChIJofIiCmqTDzkRFxP48K-XjUA,30.6997516,76.849218,142,primary_cat
ROYAL FITNESS GYM,Gym,Zirakpur,140604,Punjab,"Sco-4, NEELKANTH ENCLAVE, Ram Leela Ground, Baltana, Sector 19, Zirakpur, Punjab 140604, India",+91 98880 33012,,4.9,86,False,['Gym'],ChIJv2UhH9WVDzkR837TM6hiSzA,30.6705842,76.8281872,274,primary_cat
Kapil new. Body fitness gym,Gym,Zirakpur,140604,Punjab,"shop no 8, 9, Peer Baba Rd, Baltana, Sector 19, Zirakpur, Punjab 140604, India",+91 79733 50317,https://www.instagram.com/bodyfitness617?igsh=OXA0ZzhiZzJweWQx&utm_source=qr,5,91,False,['Gym'],ChIJ-XftewCVDzkRYiG7KfO89iM,30.6691422,76.8276016,66,primary_cat
The Bodyline Gym,Gym,Panchkula,134117,Haryana,"2ND FLOOR, SCO-392, Sector 20, Panchkula, Haryana 134117, India",+91 88609 00937,,5,115,False,['Gym'],ChIJvYVhbwCVDzkRMF9LVP8YnGc,30.6718201,76.8550967,25,primary_cat
Evolve Fitness Club,Gym,Zirakpur,140604,Punjab,"SOHI COMPLEX, TRIBUNE ROAD, Baltana Rd, Punjab 140604, India",+91 70095 53812,,4.9,21,False,['Gym'],ChIJJyfB6SXrDzkRV7qnEs3uWbg,30.6739129,76.8248299,12,primary_cat
JJ FITNESS,Gym,Zirakpur,140604,Punjab,"FIRST FLOOR, SCO-2 & 3, opposite Tribune Colony Road, Baltana, Zirakpur, Punjab 140604, India",+91 79019 09019,https://www.instagram.com/invites/contact/?utm_source=ig_contact_invite&utm_medium=copy_link&utm_content=r4s29lp,4.9,25,False,['Gym'],ChIJA1KghHjrDzkRlqemryXMYEQ,30.6714977,76.8245271,5,primary_cat
GYM DIET CORNER 💪,Health food store,Panchkula,134113,Haryana,"Shop No 58, Rehdi Market, Sector 15, Panchkula, Haryana 134113, India",,,,,False,['Health food store'],ChIJwWqAOpeTDzkRYestnYsHiQc,30.6852435,76.8359687,11,title_keyword
Lovepreet Health Club,Fitness center,Zirakpur,140604,Punjab,"SCO31- 32, Basement, Light, Kalgidhar Enclave, K - Area Rd, Baltana, Sector 19, Zirakpur, Punjab 140604, India",+91 77107 33777,,4.9,639,False,"['Fitness center', 'Aero dance class', 'Gym', 'Personal trainer', 'Spa and health club', 'Weight loss service', 'Weightlifting area', 'Yoga studio']",ChIJraJdjVPrDzkRRGjnEzLXgHE,30.6607124,76.8281132,404,primary_cat
Herbalife Nutrition Associate and Wellness Coach,Health consultant,Panchkula,134113,Haryana,"House no. 343, Sector 15, Panchkula, Haryana 134113, India",+91 70159 18655,https://herbalnutritionassociate.blogspot.com/,5,14,False,['Health consultant'],ChIJ2aL7W2aTDzkRN4wIrPt8zds,30.6867687,76.8400106,8,title_keyword
Bajrangi fitness club,Gym,"Zirakpur, Kishanpura",160104,Punjab,"SCO-7, Kishanpura Rd, Ms Enclave, Dhakoli, Zirakpur, Kishanpura, Punjab 160104, India",+91 75082 06005,,5,41,False,['Gym'],ChIJ6QIfpgmVDzkRFzsManojb_I,30.6544683,76.848784,27,primary_cat
Octane Fitness,Fitness center,Panchkula,134117,Haryana,"Address - First & Second Floor, SCO 401-402, Sector 20, Panchkula, Haryana 134117, India",+91 79018 31409,https://theoctanefitness.com/,3.6,109,True,"['Fitness center', 'Athletic club', 'Boxing club', 'Gym', 'Meditation center', 'Meditation instructor', 'Nutritionist', 'Personal trainer', 'Physical fitness program', ""Women's personal trainer""]",ChIJtUENdCuVDzkR9uWzzLbZ5-w,30.6723614,76.8557527,62,primary_cat
Shaleen Yoga I Private Yoga Classes I Yoga at home l Home Tuition,Yoga instructor,Panchkula,134113,Haryana,"#91, top floor, Sector 15, Panchkula, Haryana 134113, India",+91 75080 78603,https://shaleenyoga.com/shaleen-yoga/,4.8,21,False,"['Yoga instructor', 'Private tutor']",ChIJoXiJ16aTDzkR3tcYynMwQaw,30.6896116,76.8424481,4,primary_cat
Monika Yoga and Fitness,Yoga instructor,Panchkula,134113,Haryana,"House No 1520, first floor, Sector 15, Panchkula, Haryana 134113, India",+91 94179 20499,,5,27,False,['Yoga instructor'],ChIJN5dDqmqTDzkRbKW7RaqOVBo,30.6829577,76.8411389,25,primary_cat
Yoga By Bharat,Yoga studio,Panchkula,134113,Haryana,"House No.608, Sector 16, Panchkula, Haryana 134113, India",+91 98881 89095,https://www.yogabybharat.com/,4.9,54,False,"['Yoga studio', 'Yoga instructor']",ChIJ4XjksjmTDzkRkGZgaGa5gGQ,30.6954957,76.8352913,58,primary_cat
Anant yogalaya Panchkula,Yoga studio,Panchkula,134112,Haryana,"SCO NO 51, above BANDHAN BANK, Budanpur, Panchkula, Haryana 134112, India",,http://www.anantyogalaya.yoga/,,,False,['Yoga studio'],ChIJm4-UWSOTDzkRfqY0BXBQRWA,30.6858662,76.8484275,7,primary_cat
Yokalp Pilates & Yoga Studio,Yoga studio,Panchkula,134109,Haryana,"SCO 409, Second Floor, Sector 8, Panchkula, Haryana 134109, India",+91 85568 55658,http://www.yokalp.com/,4.9,163,False,['Yoga studio'],ChIJfXi82A6TDzkRoZp8jPaTbdM,30.7015872,76.8494365,20,primary_cat
Dhaarna Yoga k,Yoga studio,Panchkula,134117,Haryana,"shop no 2, on whole sale supermarket, Sector 20, First Floor, near Agro Mall, Sector 20, Panchkula, Haryana 134117, India",+91 98882 66678,https://dhaarnayogastudio.com/,5,152,False,"['Yoga studio', 'Aerial sports center', 'Bungee jumping center', 'Counselor', 'Meditation instructor', 'Numerologist', 'Pregnancy care center', 'Yoga retreat center']",ChIJu8g-7azrDzkR2UwVUPI_-9E,30.6722703,76.8572085,193,primary_cat
YogYatra With Urvashi,Yoga studio,Panchkula,134113,Haryana,"370, Sector 9, Panchkula, Haryana 134113, India",+91 84272 84083,http://www.yogyatrawithurvashi.in/,5,35,False,['Yoga studio'],ChIJ7xtu93uTDzkRHiKcI1SyIWU,30.6951281,76.8422076,86,primary_cat
Calm Minds,Yoga studio,Panchkula,134113,Haryana,"475, Sector 9, Panchkula, Haryana 134113, India",+91 89689 48089,,5,16,False,"['Yoga studio', 'Dance school', 'Wellness program']",ChIJo8KJ6kyTDzkRrvy0vuIDD4g,30.6961541,76.8435819,19,primary_cat
HETTA Yoga Studio,Yoga studio,Panchkula,134109,Haryana,"Sco No. 65, Sector 6, Panchkula, Haryana 134109, India",+91 98168 53457,,5,111,False,['Yoga studio'],ChIJ9XFNGHuTDzkRsajJmh__VAg,30.7058887,76.8570226,55,primary_cat
Govind Goyal,Yoga studio,Panchkula,134113,Haryana,"House no 857, Sector 10, Sector 9, Panchkula, Haryana 134113, India",,,,,False,"['Yoga studio', 'Acupuncture clinic', 'Pain control clinic']",ChIJQ77cx32TDzkRfMuWQQxGrWA,30.6906582,76.8454871,3,primary_cat
Yogamrit Anandam - Panchkula ( Yoga & Wellness ),Yoga studio,Panchkula,134116,Haryana,"the pankh studio, above bank of baroda, Sector 21, Budanpur, Panchkula, Haryana 134116, India",+91 80502 74881,https://calendar.app.google/y3Y5Udw3NsZnSi968,5,16,False,"['Yoga studio', 'Yoga instructor']",ChIJUawp7uuVDzkROJLrUXRMCus,30.676548,76.8613958,32,primary_cat
Shiwali Yoga Studio,Yoga studio,"Zirakpur, Sanauli",140603,Punjab,"SCO 5, Fifth Avenue, Kishanpura Rd, opp. Citi plaza, next to BOLLYWOOD HEIGHTS-1, Peer Muchalla, Zirakpur, Sanauli, Punjab 140603, India",+91 97791 90666,,5,310,False,['Yoga studio'],ChIJW9sFu-iVDzkRsxJUIzJl4jE,30.6578199,76.8579296,238,primary_cat
Fit N' Firm Yoga & Dance Studio,Yoga studio,"Zirakpur, Panchkula",140604,Punjab,"2nd Floor, Ramleela Ground, SCF-53, Baltana, Sector 19, Zirakpur, Panchkula, Punjab 140604, India",,,4.5,28,False,['Yoga studio'],ChIJW59WXpqVDzkRTLczyOwQkX4,30.669932,76.8282086,15,primary_cat
Breathe Yoga,Yoga studio,"Zirakpur, Sanauli",160104,Punjab,"SCO 2, First Floor, Citi Plaza, Peer Muchalla Rd, opposite BOLLYWOOD HEIGHTS-1, adjacent D-Mart, Sector 20, Zirakpur, Sanauli, Punjab 160104, India",+91 89686 67782,https://breathestudio4yoga.wixsite.com/breathestudio4yogaae,5,178,False,"['Yoga studio', 'Naturopathic practitioner', 'Wellness center']",ChIJ6Ullh3CVDzkRTFxUQn7dJdQ,30.6582473,76.8576981,152,primary_cat
Inferno - The Fitness Club,Gym,Panchkula,134112,Haryana,"First &, Second Floor, SCO 63, Sector 11, Panchkula, Haryana 134112, India",+91 99888 03580,http://infernothefitnessclub.com/,4.5,660,False,['Gym'],ChIJ5cWW95uTDzkR1WB_uFHPecY,30.6852954,76.8478469,134,primary_cat
Pro Life Fitness,Gym,Panchkula,134113,Haryana,"SCO 29, Sector 15, Panchkula, Haryana 134113, India",+91 77195 47270,,5,2,False,['Gym'],ChIJ0RPG_36TDzkR4k451iE6qvc,30.687579,76.8415349,7,primary_cat
Deep Fitness,Personal trainer,Zirakpur,140604,Punjab,"62, Ram Vihar, complex, Baltana, Zirakpur, Punjab 140604, India",+91 99140 99194,https://thedeepfitness.in/,5,46,False,"['Personal trainer', 'Physical fitness program', ""Women's personal trainer""]",ChIJ6xnSukeTDzkRlkMqBNC63t0,30.6769426,76.8237761,15,primary_cat
BOOST FITNESS,Gym,Panchkula,134112,Haryana,"S.c.o- 4, Sector 11, Panchkula, Haryana 134112, India",+91 99885 72552,,4.2,125,True,['Gym'],ChIJ5XgsJGeTDzkR8JPiQybxPr4,30.6894169,76.8526376,45,primary_cat
"Pro Ultimate Gyms - Sector 20, Panchkula",Gym,Panchkula,134117,Haryana,"1st and 2nd Floor, Booth Market, SCO 389, Facing, Sector 20, Panchkula, Haryana 134117, India",,https://www.proultimategyms.in/,5,33,False,['Gym'],ChIJQTGLthOVDzkRRkmwI0VBgzY,30.6716227,76.8549532,10,primary_cat
Fit culture gym,Gym,Zirakpur,140603,Punjab,"Furniture market, singla parking, SCO 111, Baltana, Sector 19, Zirakpur, Punjab 140603, India",+91 79861 99042,,4.9,56,False,['Gym'],ChIJ-1l_PenrDzkReG_eqOSG-iY,30.6628506,76.8257983,8,primary_cat
URBAN AKHADA BALTANA (PEER BABA ROAD),Gym,Zirakpur,140604,Punjab,"SCO 57, RAM LEELA GROUND, Peer Baba Rd, Baltana, Sector 19, Zirakpur, Punjab 140604, India",,,4.7,40,False,['Gym'],ChIJk0grbi2VDzkR2djfwInLubQ,30.669658,76.8283867,43,primary_cat
DANCE WITH ARYAN STUDIO,Dance school,Panchkula,134112,Haryana,"Top Floor, sco-59, Sector 12-A, Panchkula, Haryana 134112, India",+91 81462 04527,https://sites.google.com/view/dancewitharyan/home,5,90,False,"['Dance school', 'Fitness center']",ChIJ0xFnytqVDzkRrhd8NDOl17Q,30.6751032,76.8498006,37,secondary_cat
The Fitness Chakra- Dance Academy in Panchkula,Dance school,Panchkula,134108,Haryana,"Second Floor, inner market, SCF 42, above Landmark, Sector 8, Panchkula, Haryana 134108, India",+91 99889 94585,https://the-fitness-chakra-dance.grexa.site/,5,203,False,"['Dance school', 'Dance company', 'Dance hall', 'Dance pavillion', 'Fitness center', 'Hip hop dance class', 'Salsa classes']",ChIJRzDcNFKTDzkRIeimeHqH7Tc,30.6991298,76.8445995,151,secondary_cat
Ash Fiit,Fitness center,Panchkula,134109,Haryana,"2ND FLOOR, SCO 43, Sector 8, Panchkula, Haryana 134109, India",+91 99882 28964,,5,197,False,"['Fitness center', 'Aerobics instructor', 'Dance club', 'Yoga studio']",ChIJE2zwdESTDzkRm2IpgZ_hDmM,30.6990929,76.8445759,104,primary_cat
Nirvana- The dance and fitness studio,Dance school,Panchkula,134112,Haryana,"801, basement, Sector 21, Budanpur, Panchkula, Haryana 134112, India",+91 95926 00435,,4.8,64,False,"['Dance school', 'Fitness center', 'Yoga studio']",ChIJbWtBd9-TDzkRnp_QkT9Knrk,30.6791066,76.8657404,31,secondary_cat
The Soul Train Gym & Spa,Fitness center,Panchkula,134117,Haryana,"SCO - 1, 2, 3 & 4, near Agro Mall, Sector 20, Panchkula, Haryana 134117, India",+91 97799 72899,https://www.soultraingym.com/,4.6,373,False,['Fitness center'],ChIJv_PMmhqVDzkRLFFZ8tL7BSY,30.6722516,76.8572318,63,primary_cat
Sm Dance & Fitness Studio,Dance company,Panchkula,134113,Haryana,"Dss 128 sector 11, inner market, Budanpur, Panchkula, Haryana 134113, India",+91 78887 07800,https://youtu.be/_zRMBkGM6FU?si=mKZulXxxbRLHpb9S,4.9,46,False,['Dance company'],ChIJ5UDqDHSTDzkRo-cLZuVzeXY,30.6851369,76.8552176,5,title_keyword
TESA FITNESS,Fitness center,Panchkula,134109,Haryana,"703, Sector 2, Panchkula, Haryana 134109, India",+91 99157 22605,https://www.instagram.com/tesa_fitness_?igsh=MTF3OTdxaTB2ZWZ1aQ==,5,16,False,"['Fitness center', 'Gym']",ChIJf59u_2CTDzkRxJWs85m25XA,30.6944101,76.8612839,0,primary_cat
Elevate - Best Gym in Panchkula,Fitness center,Panchkula,134109,Haryana,"Bellavista, 2nd floor, Welcomhotel By ITC Hotels, Sector 5, Panchkula, Haryana 134109, India",+91 97500 00629,https://true-elevate.com/,4.6,149,False,"['Fitness center', 'Boxing gym', 'Gym', 'Training center', 'Wellness center']",ChIJQ6BsyruTDzkRBHIxIGPuJHo,30.7003625,76.8613198,28,primary_cat
"Burn Gym, sector 8 ,Panchkula",Gym,Panchkula,134109,Haryana,"SCO 394 - 396, Sector 8, Panchkula, Haryana 134109, India",+91 172 502 8028,https://www.burngym.com/panchkula-gym-sector8,4.7,1384,False,['Gym'],ChIJj6RBMGiTDzkRuof0RCCPoRI,30.7007545,76.8491462,255,primary_cat
New Pacific Fitness Gym,Fitness center,Panchkula,134112,Haryana,"Sco 85 Top Floor, Haripur, Panchkula, Haryana 134112, India",+91 94175 90581,https://instagram.com/pacific_fitness_sec4?igshid=ZDdkNTZiNTM=,4.7,165,False,"['Fitness center', 'Gym']",ChIJ35O8NnuTDzkRyPcUwwaRMbY,30.6903304,76.8609108,151,primary_cat
Power Strength Gym,Gym,Nada Sahib,134116,Haryana,"Near, Morni Rd, Nada Sahib, Haryana 134116, India",,https://instagram.com/powerstrengthgym_?utm_medium=copy_link,4.6,31,False,['Gym'],ChIJ8ZRUoLeTDzkReFZf2YYwHWY,30.6918657,76.8887659,9,primary_cat
FitLift Gym,Fitness center,Panchkula,134114,Haryana,"SCO 86 Top floor, Swastik Vihar, Sector 5, Panchkula, Haryana 134114, India",+91 78144 17907,,4.6,170,False,"['Fitness center', 'Gym', 'Mental health service', 'Nutritionist', 'Personal trainer', 'Physical fitness program', 'Weight loss service', 'Wellness center', ""Women's personal trainer"", 'Yoga studio']",ChIJ5QD1FPeTDzkR7MtxYrqwvDA,30.7159526,76.8495871,41,primary_cat
Atlantic Premium Fitness Club,Gym,"Panchkula, Jhiwri Wala",134116,Haryana,"Sco 112 -113 level 1 and 2, above Axis Bank, Sector 25, Panchkula Extension, Panchkula, Haryana 134116, India",+91 92161 61660,,4.7,165,False,['Gym'],ChIJR96sd6yVDzkRMtoz-tgdIOA,30.6697071,76.8867821,81,primary_cat
Zoo Culture Gym,Fitness center,Panchkula,134112,Haryana,"SCO: 411-412, Sector 8, Panchkula, Haryana 134112, India",+91 99159 91417,https://www.instagram.com/betheculture_/,4.6,193,False,"['Fitness center', 'Dance hall', 'Gym', 'Pilates studio', 'Spa', 'Spa and health club', 'Weight loss service', 'Weightlifting area']",ChIJsW31HsSTDzkR4SRzBrVlNZo,30.7018407,76.8492835,68,primary_cat
Body Tone Health Club,Fitness center,Panchkula,134114,Haryana,"SCO 45 Basement, Swastik Vihar, Mansa Devi Complex, Sector 5, Panchkula, Haryana 134114, India",,,4.7,75,False,"['Fitness center', 'Gym']",ChIJh_sytPmTDzkRG_TFaAp6VGk,30.7165615,76.850983,57,primary_cat
Ground Training Academy (Fitness),Fitness center,Panchkula,134109,Haryana,"in front of house no 190, Sector 6, Panchkula, Haryana 134109, India",+91 90412 46254,,5,52,False,['Fitness center'],ChIJIfDwGZGVDzkRawUTc6lP_ng,30.7073602,76.8582484,34,primary_cat
Olympic physiotherapy and Fitness Centre Dr. Monica Singh Sports Injury Specialist,Fitness center,Panchkula,134112,Haryana,"2399 P, Sector 21, Panchkula, Haryana 134112, India",+91 95408 98777,https://drmonicasingh.netlify.app/,5,1191,False,"['Fitness center', 'Physical therapist', 'Occupational therapist', 'Sports massage therapist', 'Sports medicine physician']",ChIJo11oFt_8DDkREMPe6G4MdP0,30.680894,76.8728652,40,primary_cat
Yes maxx gym,Gym,Panchkula,134114,Haryana,"D-52, sco 7 ft, Mansa Devi Complex, Bhainsa Tibba, MDC Sector 4, Panchkula, Haryana 134114, India",+91 78886 84289,https://www.linkedin.com/in/shivani-chauhan-5a474b324,4.7,78,False,['Gym'],ChIJZYSMaxaTDzkRg9WUFt8KfW0,30.7224496,76.8515881,22,primary_cat
"Pro Ultimate Gyms - Sector 8, Panchkula",Gym,Panchkula,134109,Haryana,"2nd Floor, SCO 367-368, Sector 8, Panchkula, Haryana 134109, India",+91 97787 00008,https://www.proultimategyms.in/,4.9,673,False,['Gym'],ChIJhyYE-56TDzkRaMaWYXB_lhc,30.6987962,76.8490892,91,primary_cat
VAULT By Virat Kohli (Panchkula),Gym,Panchkula,134109,Haryana,"Ground floor, Hi5 Mall, Rajhans Theater, Sector Sector 5, Budanpur, Panchkula, Haryana 134109, India",+91 91151 43355,https://vaultbyviratkohli.com/,4.8,122,False,"['Gym', 'Fitness center', 'Personal trainer', 'Physical fitness program', 'Training center', 'Weight loss service', 'Weightlifting area', ""Women's personal trainer""]",ChIJf236d_qTDzkR8tCYryM12sk,30.6998547,76.852979,21,primary_cat
NRG Workouts,Gym,"Panchkula, Jhiwri Wala",134116,Haryana,"Sector 25, Panchkula Extension, Panchkula, Jhiwri Wala, Haryana 134116, India",+91 73472 24563,,4.4,49,False,['Gym'],ChIJHTIkJ2-UDzkR6022QXCYDjo,30.6696406,76.8861232,19,primary_cat
Capital Fitness Gym,Gym,Panchkula,134112,Haryana,"Sco 106 , 2 nd floor, Sector 11, Panchkula, Haryana 134112, India",+91 96546 01907,,4.9,58,False,['Gym'],ChIJEwr99_6VDzkRMYnP3wXKI58,30.6853566,76.8539902,13,primary_cat
Sapt Rishi Yog Studio,Wellness center,Panchkula,134109,Haryana,"House no 374, near Ram Mandir Road, Sector 2, Panchkula, Haryana 134109, India",+91 94786 45673,,5,14,False,"['Wellness center', 'Personal trainer']",ChIJ17RkqCaTDzkRrhrPYsqOr6k,30.692453,76.8668937,16,primary_cat
Yoga By Mahima,Yoga studio,Panchkula,134114,Haryana,"426, MDC 6, Mansa Devi Complex, Phase - I, Basement, Panchkula, Haryana 134114, India",+91 83028 45318,https://www.instagram.com/yogabymahima?igsh=bGJjYzZ5am9zMHhv,5,47,False,['Yoga studio'],ChIJUTyQJT-TDzkRTPBCD9UnWmU,30.7291652,76.8486505,31,primary_cat
FnY Studio,Yoga studio,Panchkula,134109,Haryana,"SCO69, 2nd Floor, Sector 6, Panchkula, Haryana 134109, India",+91 98882 15102,http://www.fnystudio.com/,4.7,32,False,"['Yoga studio', 'Dietitian', 'Physical fitness program', 'Wellness center', 'Wellness program', 'Yoga instructor', 'Yoga retreat center']",ChIJ149ALxOTDzkR9TlL2V_mB4c,30.705991,76.857443,35,primary_cat
"Yoga Trans by Shveta Sharma, Since 2013 (Offline & Online classes)",Yoga studio,Fatehpur,160104,Punjab,"1st Floor, S.C, F 7, Shiv Nagar, Sector-20, Peer Muchalla, Fatehpur, Punjab 160104, India",+91 94649 72493,http://yogatrans.org/,5,116,False,['Yoga studio'],ChIJ_03RhX6VDzkR5-LiqA5zHTo,30.6663481,76.8646006,447,primary_cat
Yoga Mind Body,Yoga studio,Panchkula,134112,Haryana,"379, Sector 21, Budanpur, Panchkula, Haryana 134112, India",+91 94631 25184,https://yogamindbody.in/,5,9,False,"['Yoga studio', 'Dietitian', 'Hypnotherapy service', 'Meditation instructor', 'Naturopathic practitioner', 'Wellness center']",ChIJvzOrgLCVDzkRTEwcfvbGqcw,30.6821125,76.867164,4,primary_cat
Yoga Ecstasy- Power Yoga Classes /Yoga Meditation Classes In Panchkula,Yoga studio,Panchkula,134112,Haryana,"SCO 82, above Canara Bank, Sector 4, Panchkula, Haryana 134112, India",+91 90237 54749,https://www.facebook.com/YogaPanchkula/,4.2,10,False,"['Yoga studio', 'Bikram yoga studio', 'Yoga instructor']",ChIJT07RMHuTDzkR6tV6IzQ-7tM,30.690334,76.860957,39,primary_cat
Ekyana Wellness | Yoga | Pilates | Ayurveda,Yoga studio,Panchkula,134109,Haryana,"Third floor, SCO 49-50, Sector 5, Panchkula, Haryana 134109, India",+91 80548 84455,https://www.ekyana.com/,5,15,False,"['Yoga studio', 'Ayurvedic clinic', 'Pilates studio', 'Wellness center']",ChIJXcMK0cGTDzkRWwPj7h1KNZE,30.6984825,76.8544553,23,primary_cat
HUDA Gymkhana Club,Club,Panchkula,134109,Haryana,"Sector 3, Panchkula, Haryana 134109, India",,,4.2,458,False,"['Club', 'Gym']",ChIJm8d7cX-TDzkRpKbh0TJAMUo,30.6873196,76.8708349,292,secondary_cat
Health Lounges,Fitness center,Panchkula,134107,Haryana,"103A, gh-5, Mansa Devi Complex, Sector 5, Panchkula, Haryana 134107, India",+91 85580 07103,https://healthlounges.com/,4.9,95,False,"['Fitness center', 'Dietitian', 'Health consultant', 'Health counselor', 'Meditation center', 'Mental health service', 'Nutritionist', 'Physical fitness program', 'Yoga instructor', 'Yoga studio']",ChIJYTkjK7mTDzkR_ZX3jUoG7Ss,30.7133421,76.8526762,0,primary_cat
Fitness Healthy Club,Fitness center,Zirakpur,160104,Punjab,"SHNo. 63, First Floor, Shakti Enclave Rd, Krishna Enclave, Dhakoli, Zirakpur, Punjab 160104, India",+91 80544 89101,,5,2,False,"['Fitness center', 'Coaching center', 'Nutritionist', 'Sports nutrition store', 'Yoga studio']",ChIJd2lQfNWVDzkRHz1QWx0sBdg,30.6575598,76.841765,68,primary_cat
Diet Club,Fitness center,Panchkula,134109,Haryana,"H.no, 400, Sector 7, Panchkula, Haryana 134109, India",+91 98760 02929,https://dietclub.in/,5,145,False,['Fitness center'],ChIJ7WqJdIOTDzkRBvpPFk-8HsU,30.704194,76.843967,1192,primary_cat
Cosmopolitan Wellness Spa,Spa and health club,Panchkula,134114,Haryana,"Mansa Devi Complex, Near, Railway Under Bridge, Mansa Devi Complex, Bhainsa Tibba, MDC Sector 4, Panchkula, Haryana 134114, India",+91 91150 01662,,4.2,52,True,['Spa and health club'],ChIJq3vWOBmTDzkRKTBQFyJdFP0,30.7198759,76.8527563,36,primary_cat
SAMAYAA WORLD SPA,Spa and health club,Panchkula,134116,Haryana,"MWQ4+MGR, PANCHKULA . MORNI ROAD, NADA SAHIB. BADIYAL ROAD, Panchkula, Haryana 134116, India",,,4.1,73,True,['Spa and health club'],ChIJa30IMpiTDzkRpw94OAeIltM,30.689242,76.906254,79,primary_cat
Command Clinic,Wellness center,Panchkula,134107,Haryana,"PVFG+GM3, Sector D, Chandimandir Cantonment, Panchkula, Haryana 134107, India",,,5,1,True,['Wellness center'],ChIJf2gaLt-TDzkRguwmPjyRCr4,30.7237625,76.8766719,1,primary_cat
Zone 5,Fitness center,Panchkula,134109,Haryana,"level -1, Hi5 Mall, Sector 5, Panchkula, Haryana 134109, India",+91 90414 10152,https://zone5.in/,5,9,False,['Fitness center'],ChIJffalUTuTDzkRwlqveHFQO0M,30.6995764,76.853232,15,primary_cat
Pro Ultimate Gyms - MDC Panchkula,Gym,Panchkula,134114,Haryana,"Floor 1-2, Mansa Devi Complex, SCO 80-81, Mansa Devi Complex, Sector 5, Panchkula, Haryana 134114, India",+91 80074 00081,https://www.proultimategyms.in/,4.7,697,False,['Gym'],ChIJXTM2W52TDzkRn8fqj-njQQs,30.7154725,76.8508178,58,primary_cat
BASE DANCE & FITNESS ACADEMY,Aero dance class,Panchkula,134112,Haryana,"Booth, Number 127-A, inside market, Sector 11, Panchkula, Haryana 134112, India",+91 79863 64168,,5,13,False,"['Aero dance class', 'Hip hop dance class', 'Salsa classes']",ChIJB0tIx8GTDzkRp64b8y9GoxY,30.6854746,76.8542483,107,title_keyword
Charu Dance Academy Panchkula,Dance school,Panchkula,134109,Haryana,"HOUSE NO 516, 516, Sector 2, Panchkula, Haryana 134109, India",+91 99961 30572,,4.9,99,False,"['Dance school', 'Fitness center']",ChIJAaBvATOTDzkRXkb1VQ7Wa9Y,30.6932627,76.8644614,232,secondary_cat
Anu's Dance Studio,Gym,Panchkula,134117,Haryana,"674, Sector 21, Budanpur, Panchkula, Haryana 134117, India",,,4.8,26,True,['Gym'],ChIJ1S0YFQCVDzkRMi1MVZAIVtE,30.679583,76.8656616,8,primary_cat
Durim Gym,Gym,Panchkula,134109,Haryana,"Sector 7 Market, Sector 7, Budanpur, Panchkula, Haryana 134109, India",+91 98150 03690,,4.5,112,False,['Gym'],ChIJDaRNAT-TDzkRibIGQKlSvHg,30.7069167,76.8449631,36,primary_cat
HUDA Gymkhana Club,Club,Panchkula,134109,Haryana,"PV35+9H7, Sector 6, Panchkula, Haryana 134109, India",+91 172 258 5884,,4.1,1038,True,['Club'],ChIJ3-IRE22TDzkRDMaRjCsSfuI,30.7034033,76.8589354,415,title_keyword
Divya Yog Mandir,Yoga studio,Panchkula,160101,Chandigarh,"PR4R+VM7, Sector 7, Panchkula, Chandigarh 160101, India",+91 93161 23090,https://healthservices.divyayoga.com/,4.8,62,True,['Yoga studio'],ChIJ2aaiEDmTDzkRtic-IV9DlRM,30.7071722,76.8416637,57,primary_cat
Pro Ultimate Gyms - Dhakoli,Gym,Zirakpur,160104,Punjab,"SCO 5-6, Floor, 1-2-3, near Railway Crossing, opp. Police Station, Dhakoli, Zirakpur, Punjab 160104, India",+91 73473 42388,https://proultimategyms.in/,4.8,1117,False,"['Gym', 'Fitness center']",ChIJW2_6l8CUDzkR4fUDJ9u1NNs,30.6546436,76.8444754,118,primary_cat
Ultra Fitness Gym,Gym,Zirakpur,160104,Punjab,"KAMDHENU HOMES, 131, opposite to kamdhenu, Krishna Enclave, Dhakoli, Zirakpur, Punjab 160104, India",+91 77000 05329,,4.9,15,False,['Gym'],ChIJ-W4XNwiVDzkRTps1LG7k-Kc,30.6549759,76.8392668,6,primary_cat
Fitjaws Gym & Fitness Club,Public bathroom,Zirakpur,160104,Punjab,"7 and 8, 2nd floor, main road, above axis bank, Ms Enclave, Dhakoli, Zirakpur, Punjab 160104, India",+91 95016 54316,http://www.fitjaws.com/,4.9,257,False,"['Public bathroom', 'Fitness center', 'Gymnastics club', 'Yoga studio']",ChIJITaMJBOVDzkR-kiBJhbOUvE,30.6569226,76.8448484,99,secondary_cat
Champion Gym (Dhakoli),Fitness center,Zirakpur,140603,Punjab,"Lower Ground Floor, Vasant Vihar, SCO 28-29, TEH, Vasant Vihar Phase 1, HIMATGARH, Dhakoli, Zirakpur, Punjab 140603, India",+91 76529 37990,http://championgym.com/,5,10,False,['Fitness center'],ChIJf_JalHGVDzkRTpQk43-wh9g,30.6569826,76.8382669,5,primary_cat
Galaxy Fitness Zone,Fitness center,Zirakpur,160104,Punjab,"SCO 36, Top Floor, near MRF Tyres, Dhakoli, Punjab 160104, India",+91 88472 14717,,4.7,24,False,"['Fitness center', 'Gym']",ChIJG1iTf4WVDzkRSPlQ5ECuey0,30.6536506,76.844242,50,primary_cat
TNT Gym Baltana,Physical fitness program,Zirakpur,140604,Punjab,"SCO - 5678, K - Area Rd, Baltana, Dhakoli, Zirakpur, Punjab 140604, India",+91 98152 55575,https://www.tntgyms.com/,4.7,513,False,['Physical fitness program'],ChIJF6scx3uVDzkRwN7nvkaSPSg,30.6606497,76.8277408,138,primary_cat
BURNOUT GYM,Fitness center,Zirakpur,160104,Punjab,"Vasant Vihar ph-3 Market, Vasant Vihar Phase-2, Krishna Enclave, Dhakoli, Zirakpur, Punjab 160104, India",,,5,46,False,"['Fitness center', 'Gym']",ChIJhcgdkGSVDzkR2GuUA5l7thE,30.6547051,76.8416298,44,primary_cat
Blaze Gym & Spa Zirakpur,Fitness center,Zirakpur,140604,Punjab,"SCO 1-2, Kalgidhar Enclave, Baltana, Kalka Shimla Highway, Zirakpur, Punjab 140604, India",+91 1762 530 160,http://thedevilangel.com/,4,202,False,['Fitness center'],ChIJN3z56LSUDzkRQsRNTqWLxtg,30.660619,76.827609,19,primary_cat
The Pump House Gym,Gym,Zirakpur,140603,Punjab,"Second Floor, Hermitage Plaza, Krishna Enclave, Dhakoli, Zirakpur, Punjab 140603, India",+91 77430 55505,https://www.instagram.com/pumphousezirakpur,4.4,26,False,['Gym'],ChIJr_GIXJKVDzkRZAznFgCLA5c,30.6580383,76.839506,7,primary_cat
Athelonics Hybrid Gym Zirakpur,Gym,"Zirakpur, Panchkula",160104,Punjab,"City Court, Highway, Guru Gobind Singh Nagar, Dhakoli, Zirakpur, Panchkula, Punjab 160104, India",+91 85914 99554,https://athelonics.in/,4.7,26,False,['Gym'],ChIJodH1RQOVDzkRBDLl7-z3BQ4,30.6613276,76.8350666,17,primary_cat
Athletiq Hybrid Gym,Fitness center,Zirakpur,160104,Punjab,"first Floor, City Court, SCO: 10, NH5, Guru Gobind Singh Nagar, Dhakoli, Zirakpur, Punjab 160104, India",+91 78371 00333,https://athletiqgyms.in/,4.2,44,False,['Fitness center'],ChIJiy1RYjOVDzkR-vfpMeBKb8g,30.6613716,76.8346721,12,primary_cat
Club Viva,Gym,Zirakpur,160104,Punjab,"Showroom Number 93B, Dee Ess Estates, railway crossing, opposite Dhakoli, Dhakoli, Zirakpur, Punjab 160104, India",,,4.4,39,False,['Gym'],ChIJrU_tQDyVDzkRNGutx1Yv6PM,30.654807,76.8458146,34,primary_cat
Newlife style wellness centre,Fitness center,Zirakpur,160104,Punjab,"Shop no 7-8, Brar Complex, Dhakoli, Zirakpur, Punjab 160104, India",+91 98154 04047,,5,7,False,['Fitness center'],ChIJr07gEP6VDzkRw1nXRO-idzA,30.6552251,76.8442608,14,primary_cat
Jancy Yoga Fitness Club,Yoga studio,Zirakpur,160104,Punjab,"414 FF, Ms Enclave, Dhakoli, Zirakpur, Punjab 160104, India",+91 78371 96172,,5,71,False,['Yoga studio'],ChIJ8QrK7K6VDzkRr1zljm74vYo,30.6549787,76.8484438,12,primary_cat
Valiance Boxing & Fitness,Gym,"Chandigarh, Zirakpur",160104,Punjab,"First Floor, Sco No. 05, Old Ambala Rd, Dhakoli, Chandigarh, Zirakpur, Punjab 160104, India",+91 78888 36918,,4.9,266,False,['Gym'],ChIJJ_aKl4uVDzkRaJ35yq0kxXQ,30.6540467,76.8444816,154,primary_cat
Fitness Junction,Gym,Kishanpura,160104,Punjab,"First Floor, PANCHKULA SHOPPING COMPLEX, D.S.S. 14-15-16, Dhakoli, Kishanpura, Punjab 160104, India",+91 99146 59011,,4.9,29,False,['Gym'],ChIJZ32lJ9CVDzkRWzEnAF8TTZA,30.6544084,76.8508955,23,primary_cat
Fab Fitness - Gym and Cardio,Fitness center,Zirakpur,160104,Punjab,"SCO 423, near Nimantran Banquet Hall, Green City, Dhakoli, Zirakpur, Punjab 160104, India",+91 98881 40409,,4.9,20,False,"['Fitness center', 'Gym', 'Gymnasium school', 'Health consultant']",ChIJ4xzvZbyUDzkRZ_EwGD5Xpg4,30.6652807,76.8439093,9,primary_cat
Amrita Yoga Dhakoli,Yoga studio,Zirakpur,160104,Punjab,"House No 72, Gulmohar Block, Dhakoli, Zirakpur, Punjab 160104, India",+91 99150 11889,https://www.instagram.com/amrita_yoga_dhakoli?igsh=YmwyeWgwNTN6MWUx,5,14,False,['Yoga studio'],ChIJJx7DiNWVDzkRd9UKh3lq22A,30.6537143,76.846551,7,primary_cat
chandigarh yoga,Mediation service,Zirakpur,160104,Punjab,"h.no-5, Ms Enclave, Dhakoli, Zirakpur, Punjab 160104, India",+91 97804 59441,,4.9,29,False,['Mediation service'],ChIJETz3-g-VDzkRTrxJNr22wxc,30.6554355,76.8460753,20,title_keyword
SATYOG - Traditional Yoga Studio,Yoga studio,"Kishanpura, Zirakpur",140603,Punjab,"Second Floor, Sushma Capital, 7, Peer Muchalla Rd, Dhakoli, Kishanpura, Zirakpur, Punjab 140603, India",+91 70870 27576,,4.3,19,False,"['Yoga studio', 'Meditation center', 'Personal trainer', 'Wellness center', 'Yoga instructor']",ChIJ5S8nSWOVDzkRmk0P4tRZ0x4,30.6532814,76.8508808,19,primary_cat
SHAKTI HOT YOGA,Yoga studio,"Zirakpur, Sanauli",140603,Punjab,"SHAKTI HOT YOGA, SHOP-1, 1, Peer Muchalla Rd, near VICTORIA FLOORS, Dhakoli, Zirakpur, Sanauli, Punjab 140603, India",+91 90013 11902,https://www.instagram.com/shaktifityoga/,5,180,False,"['Yoga studio', 'Aerial sports center', 'Mediation service', 'Physical fitness program']",ChIJ56-Bi9yVDzkRkSv_gFFqTBs,30.6553647,76.8529425,415,primary_cat
Vidya Yog Studio,Yoga studio,"Panchkula, Sanauli",160104,Punjab,"7, D, Scf. 6, Market Rd, adj. Sec.20, Peer Muchalla, Panchkula, Sanauli, Punjab 160104, India",+91 72760 00039,,5,13,True,['Yoga studio'],ChIJNThzDACVDzkRkSwZHnk27mM,30.6557182,76.8552587,4,primary_cat
Sattva (Yog & Diet Studio),Yoga studio,"Zirakpur, Sanauli",160104,Punjab,"Sco 1 top first floor, near tnt gym, Dhakoli, Zirakpur, Sanauli, Punjab 160104, India",,,5,74,False,['Yoga studio'],ChIJK6WkdQCVDzkRN5YvQ1d9OGM,30.6562379,76.8531529,2,primary_cat
Elevate - Best gym in Peer muchalla,Gym,"Zirakpur, Kishanpura",140603,Punjab,"Second Floor, Sushma Capital, 8-11/14-19, Peer Muchalla, Zirakpur, Kishanpura, Punjab 140603, India",+91 97215 00038,https://true-elevate.com/,4.6,296,False,['Gym'],ChIJu_HOASqVDzkRciemlcypXz8,30.6533006,76.8509209,53,primary_cat
RV Fitness Gym,Gym,"Panchkula, Zirakpur",140604,Haryana,"15,16,17, 18, Sector 19, Panchkula, Haryana 140604, India",+91 79733 79155,https://www.instagram.com/rv_coaching_/profilecard/?igsh=cjVlNGJkYXNuZjJp,5,4,False,['Gym'],ChIJ7VbYWlCVDzkR80um7dUJ_NE,30.6628798,76.8306286,3,primary_cat
Akash Dreamers Dance Studio,Hip hop dance class,Zirakpur,140604,Punjab,"Sco 4, 2nd floor Above PP diary Hem vihar, Baltana, near highland society, Punjab 140604, India",+91 83600 03414,https://www.google.com/search?q=akash+dreamers+dance+studio+reviews&oq=akash&aqs=chrome.1.69i57j69i59l3j0i271.1458j0j7&client=ms-android-vivo&sourceid=chrome-mobile&ie=UTF-8,4.9,168,False,"['Hip hop dance class', 'Yoga studio']",ChIJXWPlsPSVDzkRlhkAL_uMIDc,30.663672,76.8303693,31,secondary_cat
Stress Fitness,Personal trainer,"Azizpur, Zirakpur",160104,Punjab,"Flat No 11, Defence Apartments, Near, K - Area Rd, Dhakoli, Azizpur, Zirakpur, Punjab 160104, India",+91 98764 44836,,5,11,False,['Personal trainer'],ChIJo0jttfmVDzkRfpKv0ZoxQKo,30.6600017,76.8343874,7,primary_cat
la viva fitness zone,Gym,Chandigarh,160101,Chandigarh,"2562, ground floor, first floor, second floor, Sector 13, Chandigarh, 160101, India",+91 98882 55786,,4.6,28,True,['Gym'],ChIJD4cCECyTDzkRppqJ6ytnCMQ,30.7186727,76.830996,2,primary_cat
Bloodline fitness - Gym in Manimajra,Gym,Chandigarh,160101,Chandigarh,"2007/1, Pipliwala Town, Shanti Nagar, Sector 13, Chandigarh, 160101, India",+91 96466 11066,,5,67,False,['Gym'],ChIJ9WICcgCTDzkRLYUAWU1XGvA,30.7197685,76.8324934,8,primary_cat
Suplex Gym,Gym,Chandigarh,160101,Chandigarh,"2104, 1st floor, Pipliwala Town, Adarsh Nagar, Sector 13, Chandigarh, 160101, India",,,4.5,22,False,['Gym'],ChIJ-27bsTmTDzkRbEHzvPJGT3U,30.7200532,76.8327701,16,primary_cat
YOGANANDA,Yoga studio,Panchkula,134113,Haryana,"S.C.F 131, Sector 17, Panchkula, Haryana 134113, India",,,4.7,10,False,['Yoga studio'],ChIJKZYfOU-TDzkRcfLuC5Mwib0,30.6962594,76.8355704,29,primary_cat
Body Temple,Gym,Panchkula,134112,Haryana,"Scf 83, 1st Floor, Sector 4, Panchkula, Haryana 134112, India",+91 98889 29398,,4.2,33,False,['Gym'],ChIJt2bSNnuTDzkRYJnFQHzUjDk,30.6904091,76.861052,61,primary_cat
Anytime Fitness,Gym,Panchkula,134116,Haryana,"First and Second floor, Urban Estate, SCO 395, nearby KFC, Sector 20, Panchkula, Haryana 134116, India",+91 63999 00075,https://www.anytimefitness.co.in/gyms/in-1224/panchkula-haryana-134116/,4.3,65,False,"['Gym', 'Fitness center']",ChIJbXBpc3uVDzkRXyO-oG3USdw,30.6721466,76.85547,90,primary_cat
Yog Divya Mandir Sector 12 Panchkula,Fitness center,Panchkula,134112,Haryana,"Yog Chikitsalaya & Training Centre, Haryana Yoga Sabha, Railla, Sector 12, Panchkula, Haryana 134112, India",+91 90416 49049,,5,1,False,['Fitness center'],ChIJbZuA6kiVDzkRP0x5Lo0YelA,30.6808037,76.8558902,7,primary_cat
PHYSIYOG CLINIC ( PYC),Physical therapist,Panchkula,134112,Haryana,"864, Sector 21, Budanpur, Panchkula, Haryana 134112, India",+91 98763 91712,,4.9,75,False,"['Physical therapist', 'Pain management physician', 'Yoga studio']",ChIJv3tdRIGVDzkRxqBmOCAH77s,30.6767684,76.8653562,56,secondary_cat
CoachAmarsh,Physical fitness program,Panchkula,134112,Haryana,"986/11, Budanpur, Panchkula, Haryana 134112, India",+91 93177 04579,https://coachamarsh.com/,,,False,['Physical fitness program'],ChIJiWHUiDmTDzkRQKSmL0S9UcA,30.6868576,76.8544179,3,primary_cat
Raghav Fitness - yoga Home Personal Trainer,Personal trainer,Panchkula,134112,Haryana,"House No. 1645, Sector 4, Panchkula, Haryana 134112, India",+91 98880 77075,,4.9,93,False,"['Personal trainer', 'Physical therapist', 'Weight loss service', 'Yoga instructor']",ChIJ-cKKb32TDzkRli1S59ZDdl0,30.68384,76.862632,40,primary_cat
fitmeandyouwellnessclub,Wellness center,Panchkula,134112,Haryana,"Budanpur, Panchkula, Haryana 134112, India",,,,,False,['Wellness center'],ChIJb29QHHuTDzkRns5S3YRb8Hk,30.685443,76.857682,5,primary_cat
Rexall wellness,Wellness center,Panchkula,134113,Haryana,"Site No. 2, Nursing Home, opposite SBI Training Center, Sector 14, Panchkula, Haryana 134113, India",,,5,1,False,['Wellness center'],ChIJa1DQBniVDzkRKVd4_GNx8ws,30.6795601,76.8495808,3,primary_cat
FITRIZ WELLNESS CLUB,Nutritionist,Panchkula,134112,Haryana,"House no. 676, Sector 12-A, Panchkula, Haryana 134112, India",,,5,5,False,['Nutritionist'],ChIJe-NOj_OTDzkRlMe7Cu2PWhA,30.6725635,76.8522116,90,title_keyword
Light And Might,Yoga studio,Panchkula,134112,Haryana,"MVP6+PJ4, Sector 4, Budanpur, Panchkula, Haryana 134112, India",,,,,True,['Yoga studio'],ChIJ_wDbOgCTDzkRc1bAuwqQ9FU,30.686759,76.861568,1,primary_cat
Nidanam Wellness,Ayurvedic clinic,Panchkula,134112,Haryana,"DSS 143 FF, sector 11, Near, Geeta Mandir Rd, Sector 11, Panchkula, Haryana 134112, India",+91 92160 84777,http://www.nidanamwellness.com/,4.3,127,False,"['Ayurvedic clinic', 'Alternative medicine clinic', 'Day care center', 'Health consultant', 'Holistic medicine practitioner', 'Hospital', 'Naturopathic practitioner', 'Pain management physician', 'Skin care clinic', 'Weight loss service']",ChIJq6qqamGTDzkRuutKBHy5VS4,30.6845145,76.8559346,4,title_keyword
Mind Wellness Point,Wellness center,Panchkula,134112,Haryana,"805, Haryana Forest Colony, Sector 11, Panchkula, Haryana 134112, India",+91 98123 27537,,,,False,['Wellness center'],ChIJ02TXtLOVDzkRWQWmIIrn1r0,30.681692,76.8521371,3,primary_cat
Emerald Martial Arts,Fitness center,Panchkula,134112,Haryana,"SCO 37 Top Floor, Sector 12, Panchkula, Haryana 134112, India",+91 94174 06261,http://emeraldmartialarts.com/,4.8,82,False,"['Fitness center', 'Martial arts school', 'Gym', 'Gymnastics club', 'Kickboxing school', 'Personal trainer', 'Physical fitness program', 'Self defense school', 'Taekwondo school', ""Women's personal trainer""]",ChIJi5JJ4JyUDzkR6cYvY3FP3DM,30.6798252,76.858958,54,primary_cat
Level Up Gym,Gym,Zirakpur,140604,Punjab,"SCO-6,7, Walia Complex, Ramleela Ground, Baltana, Sector 19, Zirakpur, Punjab 140604, India",+91 98884 51817,https://www.instagram.com/the_levelupgym?igsh=b204aWpxaTI0bzVh,4.8,192,False,"['Gym', 'Fitness center']",ChIJuYrXPS-VDzkRKMIz4SU6f6g,30.6694277,76.8282726,63,primary_cat
S.R. Life Fitness,Gym,Zirakpur,160040,Punjab,"Top Floor, Sco 4, Peer Baba Rd, Baltana, Sector 19, Zirakpur, Punjab 160040, India",+91 90411 26926,http://srlifefitness.in/,5,93,False,['Gym'],ChIJIR9MH-qVDzkRYY9tIu_VNls,30.6696232,76.827734,60,primary_cat
Pro Fitness Gym,Gym,Zirakpur,140604,Punjab,"Shop no 54, Ram Leela Ground, Peer Baba Rd, Baltana, Sector 19, Zirakpur, Punjab 140604, India",+91 99888 42632,,4.9,11,True,['Gym'],ChIJ1zg7P7GVDzkRxMq_pBcS05A,30.6697638,76.827729,10,primary_cat
Infinity Lift,Gym,Zirakpur,140604,Punjab,"1st & 2nd Floor, Walia Complex, SCO 4, Peer Baba Rd, Baltana, Sector 19, Zirakpur, Punjab 140604, India",+91 97799 33370,http://infinitylift01.netlify.app/,5,103,False,['Gym'],ChIJubC5F2eVDzkRztYikdppfvs,30.6691423,76.8276488,27,primary_cat
Body Fitnees Gym,Gym,"Panchkula, Zirakpur",140604,Punjab,"MR9H+R46, Tribune Colony, Sector 19, Panchkula, Zirakpur, Punjab 140604, India",+91 95925 78003,,4.5,18,True,['Gym'],ChIJUxpga62UDzkRLXZXyMlIaX0,30.6695466,76.8277646,7,primary_cat
JK Cricket Academy & fitness club.,Cricket club,Zirakpur,140603,Punjab,"Sohi road, near police station, Baltana, Zirakpur, Punjab 140603, India",+91 79861 11632,,4.6,9,False,"['Cricket club', 'Fitness center', 'Yoga instructor']",ChIJ5Vty1_LtDzkRDq0pos7Rtqs,30.6668848,76.8205532,36,secondary_cat
Best Taekwondo Club,Fitness center,Zirakpur,140604,Punjab,"Prachin Shiv Temple Near:- FOOD PLAZA, Baltana, Sector 19, Zirakpur, Punjab 140604, India",+91 81466 63522,,5,185,False,"['Fitness center', 'Taekwondo school', 'Karate school', 'Kickboxing school', 'Martial arts school', 'Physical fitness program', 'Self defense school', 'Sports club']",ChIJ2aDv39aVDzkRS4uuhx9ER2M,30.6691323,76.8284697,338,primary_cat
The Wellness Way,Wellness center,Zirakpur,140604,Punjab,"Peer Baba Rd, Baltana, Zirakpur, Punjab 140604, India",+91 6284 896 429,,,,False,['Wellness center'],ChIJdekNC_KVDzkRE_M_EpRkfIQ,30.6737904,76.8278548,2,primary_cat
YOG DIVYA ASHRAM - YOGA CLASS,Yoga studio,Zirakpur,140604,Punjab,"36, Hem Vihar Phase 2, opposite Highland Society, Baltana, Sector 19, Zirakpur, Punjab 140604, India",,,4.5,4,False,"['Yoga studio', 'Yoga retreat center']",ChIJzWZydLOUDzkRW1WikJ4_3KU,30.664216,76.8291135,36,primary_cat
Divya Jyoti Bhrama kumari,Yoga studio,"Chandigarh, Zirakpur",140604,Punjab,"Modern Enclave, kothi number 1, Baltana, Sector 19, Chandigarh, Zirakpur, Punjab 140604, India",+91 79738 28126,,,,False,['Yoga studio'],ChIJAxkXP-2VDzkRe8wYhCXRzh0,30.6714987,76.8308949,16,primary_cat
Yoga Point,Yoga studio,Panchkula,134113,Haryana,"137A, near Sector 19, Wadhawa Nagar, Dhakoli, Panchkula, Haryana 134113, India",,,4,11,False,"['Yoga studio', 'Gym']",ChIJPQ7sQrGUDzkRKQPFm5AgXcM,30.6644711,76.8325931,19,primary_cat
gym,Fitness center,Zirakpur,140603,Punjab,"Second Floor, SOHI TOWERS, SCO 28, Govind VIhar, Baltana, Sector 19, Zirakpur, Punjab 140603, India",+91 87279 21117,https://amitcreations.studentataarcodes.in/,,,False,['Fitness center'],ChIJrbkQHLKVDzkR1fN78NJUkFU,30.6641961,76.8275811,5,primary_cat
Satya Fitness Point,Gym,Zirakpur,140604,Punjab,"Modern Enclave, SCO 59, Baltana, Tribune Colony, Sector 19, Zirakpur, Punjab 140604, India",+91 98881 22193,,3.7,54,True,['Gym'],ChIJC3JOAK2UDzkRm4i7_HilG-8,30.6710865,76.8307682,12,primary_cat
FITNESS PRO GYM,Gym,Chandigarh,160003,Chandigarh,"15, Tribune Colony, Raipur Khurd, Chandigarh, 160003, India",+91 98726 16242,,4.7,38,True,['Gym'],ChIJfUdMYFjrDzkRhMglqfknQso,30.6769855,76.8096693,18,primary_cat
Core Fitness First Gym,Fitness center,Panchkula,134113,Haryana,"Baltana Main Rd, Shree Ram Atta Chakki, Ekta Vihar, Sector 19, Panchkula, Haryana 134113, India",,,4.1,47,False,['Fitness center'],ChIJc4u5LrCUDzkRU6zn4I4pV24,30.6685998,76.8350452,6,primary_cat
Aesthetics Fitness Club,Gym,"Zirakpur, Gazipur",140603,Punjab,"Top floor, Motiaz Pacific center Opposite Ananta Square, Gazipur Rd, Zirakpur, Punjab 140603, India",+91 93535 82305,,4.9,81,False,['Gym'],ChIJF9pvgqmVDzkRDmU8uKxkMvw,30.640507,76.8300868,24,primary_cat
Revive Fitnes Gym,Gym,Zirakpur,140603,Punjab,"SCO-1, 2nd Floor, Sushma Square, Market, Old Ambala Rd, opposite Maple Apartments, Dhakoli, Punjab 140603, India",+91 88375 19996,https://revivefitnes.com/,4.7,135,False,"['Gym', 'Fitness center']",ChIJSeDQroaVDzkRMBV258rz58k,30.6479691,76.8459419,90,primary_cat
The Muscle Bar,Gym,"Zirakpur, Gazipur",140603,Punjab,"Gazipur Road, Showroom no.9 & 10 First Floor- Ananta Square, Zirakpur, Punjab 140603, India",+91 98773 65342,,4.8,64,False,"['Gym', 'Fitness center']",ChIJJSVJuROVDzkRkIy4qcUOf7o,30.6405215,76.8298032,45,primary_cat
OG Fitness,Gym,Zirakpur,160104,Punjab,"Sco 5-6 second Floor, Chaura bazar, Dhakoli, Zirakpur, Punjab 160104, India",+91 62803 88200,,4.8,519,False,['Gym'],ChIJ986z9lCVDzkRv3CZkrjGCcI,30.6498065,76.844097,74,primary_cat
Getfitwithraju,Personal trainer,"Zirakpur, Kishanpura",160104,Punjab,"Swami Enclave, 51c, near Green Valley, apartment, Dhakoli, Zirakpur, Kishanpura, Punjab 160104, India",,https://www.getfitwithraju.com/,5,32,False,['Personal trainer'],ChIJKzZpOl2VDzkRTDcbviL9vac,30.6494715,76.8489811,20,primary_cat
Muscle Matrix Unisex Gym,Gym,"Zirakpur, Gazipur",140603,Punjab,"Gate No 2, SC0 4-4-5, Nagla Rd, opp. Maya Garden City Road, Zirakpur, Gazipur, Punjab 140603, India",,,5,9,False,['Gym'],ChIJp51hONKVDzkR9zHrrEzujPg,30.6300505,76.827813,28,primary_cat
The workout gym,Gym,"chandigarh, Zirakpur",140603,Punjab,"sco-26/27, ambala highway, above IDBI bank, chandigarh, Zirakpur, Punjab 140603, India",+91 96466 46009,,5,45,False,['Gym'],ChIJTe9ABRvrDzkRnBWTPlwbbhE,30.649945,76.8224131,5,primary_cat
Lord's Gym,Gym,"Zirakpur, Gazipur",140603,Punjab,"Lord's Gym, Kundan Plaza, E VIP Rd, Bishanpura, Zirakpur, Punjab 140603, India",+91 79862 33896,,4.3,54,False,['Gym'],ChIJYYo6_5TrDzkRdWut7DXUkKA,30.6425502,76.8258691,33,primary_cat
Rajveer Sharma Fitness trainer,Personal trainer,"Zirakpur, Sanauli",140603,Punjab,"platinum homes, 201B, Zirakpur, Sanauli, Punjab 140603, India",+91 97804 99561,,4.9,25,False,['Personal trainer'],ChIJrW9GG3yVDzkRnKhTb4nURzk,30.6369284,76.8483833,15,primary_cat
Sharp Fitness,Gym,Zirakpur,140603,Punjab,"JMR City walk, Chandigarh Road, Zirakpur, Punjab 140603, India",+91 82840 22068,https://www.sharpfitness.co.in/,4.7,50,False,['Gym'],ChIJhYgqtYvrDzkRIK8q4ROQh3k,30.6472929,76.8222564,3,primary_cat
VIGOUR GYM,Gym,Zirakpur,140603,Punjab,"Second Floor, SCO 1 and 2, VIP Rd, Zirakpur, Punjab 140603, India",+91 95019 79700,,4.6,233,False,['Gym'],ChIJf7UxzCjrDzkRK0fOh9Q3tRc,30.6385965,76.8164874,91,primary_cat
Burn Gym | Best Gym in Zirakpur | Premium Fitness | Burn Gym Ambala Road,Gym,Zirakpur,140603,Punjab,"4th Floor, SS Infinity, Ambala - Chandigarh Expy, Zirakpur, Punjab 140603, India",+91 83606 03201,https://burngym.com/,4.8,513,False,['Gym'],ChIJ57H3FwHrDzkRuGMum05_1ws,30.6279609,76.8244942,198,primary_cat
Octane Fitness Prime Zirakpur,Gym,Zirakpur,140603,Punjab,"SS Emporia, SCO 1-11, 2nd Floor, Ambala - Chandigarh Expy, Zirakpur, Punjab 140603, India",+91 90417 09909,,4.5,618,False,"['Gym', 'Fitness center']",ChIJdcg7_LPrDzkRNFP5Cf7-Ie0,30.6277065,76.8231887,128,primary_cat
FitTogether Gym,Gym,Zirakpur,140603,Punjab,"Royal Estate,Sco no 4, 2nd & 3rd floor, Ambala - Chandigarh Expy, Highway, Zirakpur, Punjab 140603, India",+91 80547 26016,,4.9,78,False,['Gym'],ChIJ3fEcl4HrDzkRmLaAxvrBCrs,30.6494207,76.8221786,28,primary_cat
EverFit Gym & Spa,Gym,Zirakpur,140603,Punjab,"Gate no. 1, Nirmal Chhaya Club House, VIP Rd, Zirakpur, Punjab 140603, India",+91 82195 31003,,4.9,227,False,['Gym'],ChIJR38vwgfrDzkRn7RUHsGUH9M,30.6374015,76.8173588,43,primary_cat
Tuff Gyms,Gym,Zirakpur,140603,Punjab,"2nd Floor, Orbit Signature Walk, S-201 & S-202, Zirakpur, Punjab 140603, India",+91 84270 32187,,4.8,187,False,"['Gym', 'Aerobics instructor', 'Weight loss service', 'Weightlifting area', 'Wellness center', 'Wellness program']",ChIJA2ScCp3rDzkR8_gZTXkdT7I,30.6383859,76.8207523,72,primary_cat
HYPE THE GYM ZIRAKPUR,Gym,Zirakpur,140603,Punjab,"Second Floor, Hype the gym, market, VIP Rd, opp. B-Block, Zirakpur, Punjab 140603, India",+91 99995 01352,http://hypethegym.com/,4.4,167,True,['Gym'],ChIJmVaVMPrrDzkReUtfG_SpCFU,30.6384029,76.8159218,22,primary_cat
Orayu Yogshala,Yoga studio,Zirakpur,160104,Punjab,"Showroom No.4, 2nd Floor, Market, Sushma Square Rd, opposite Maple Heights, Dhakoli, Zirakpur, Punjab 160104, India",+91 94657 32578,,4.9,123,False,['Yoga studio'],ChIJlaDkqLiVDzkRhp0rN_UBzMQ,30.6469131,76.8453798,57,primary_cat
Aarogyata Yoga Studio,Yoga studio,"Zirakpur, Gazipur",140603,Punjab,"Shop No - 7, Lower Ground Floor, Akriti Complex, Friends Enclave, Zirakpur, Gazipur, Punjab 140603, India",+91 90999 98181,,5,59,False,['Yoga studio'],ChIJRcTshJyVDzkRrbJwsyAYbiM,30.6360095,76.8266119,14,primary_cat
yoga class in Zirakpur,Yoga studio,"Zirakpur, Gazipur",160022,Punjab,"Gazipur Rd, Zirakpur, Gazipur, Punjab 160022, India",,,,,False,['Yoga studio'],ChIJSfDm3sqVDzkR35TwxodsiCw,30.6386581,76.8329724,0,primary_cat
Aarogyata Yogshala,Yoga studio,"Zirakpur, Gazipur",140603,Punjab,"2, Silver City Extension, Zirakpur, Gazipur, Punjab 140603, India",,,5,4,False,['Yoga studio'],ChIJ0ajlXujrDzkRCg9B_NKMNwU,30.6389683,76.8243327,20,primary_cat
YoKalp (Yoga & Pilates Studio),Yoga studio,Zirakpur,140603,Punjab,"2nd floor, Block-A, Chandigarh Citi Centre, E VIP Rd, near Metro Cash N Carry, Zirakpur, Punjab 140603, India",+91 89680 66344,,4.8,61,False,"['Yoga studio', 'Personal trainer', 'Youth organization']",ChIJ6zvqRLrrDzkR_Qw5_MbtHy0,30.6390178,76.8207171,19,primary_cat
Rudra Yoga Studio,Yoga studio,Zirakpur,140603,Punjab,"SCO-23, Guru Nanak Enclave, Dhakoli, Zirakpur, Punjab 140603, India",+91 80774 47832,,5,20,False,['Yoga studio'],ChIJgSFO_a6VDzkRh42m9YIKoXY,30.6528463,76.8451824,26,primary_cat
Breathe and Heal - Zirakpur,Yoga studio,Zirakpur,140603,Punjab,"VIP Rd, opposite VCARE HOSPITAL, Zirakpur, Punjab 140603, India",+91 96467 28007,https://breathe-and-heal.localo.site/,5,28,False,"['Yoga studio', 'Fortune telling services', 'Meditation center', 'Reiki therapist', 'Wellness center']",ChIJYZL310rrDzkRY4sizKPJvhg,30.6389007,76.8164414,172,primary_cat
Avni Yoga Studio,Yoga studio,"Kishanpura, Zirakpur",140603,Punjab,"Balaji Tower, E-604, Dhakoli, Kishanpura, Zirakpur, Punjab 140603, India",+91 93991 37373,https://www.avniyagastudio.com/,5,17,False,['Yoga studio'],ChIJ1XMQ7FCVDzkRPyNzrlrwtlo,30.6495201,76.8539583,39,primary_cat
Kudrat Dance & Fitness Squad Zirakpur,Dance school,"Zirakpur, Gazipur",140603,Punjab,"Shop no 8, First Floor, Ananta Square, Gazipur Rd, Zirakpur, Gazipur, Punjab 140603, India",+91 90560 07823,https://www.kudratclub.in/,5,9,False,"['Dance school', 'Fitness center']",ChIJTxke1qOVDzkRzBPb51EVEkA,30.6408504,76.8292712,3,secondary_cat
Thakur Yoga & Fitness Hub,Yoga studio,Zirakpur,140603,Punjab,"Royale Estate-2, SCO 14, Zirakpur, Punjab 140603, India",+91 70097 88364,,4.5,35,False,"['Yoga studio', 'Gym', 'Fitness center']",ChIJvf3CujPrDzkRFejmakidOfw,30.648874,76.8222531,6,primary_cat
Yoga Plus,Yoga studio,Zirakpur,140603,Punjab,"74 A , Level, 2, Patiala Rd, near Yes Bank, Balaji Enclave, Utrathiya, Zirakpur, Punjab 140603, India",+91 98728 95727,https://sites.google.com/view/yoga-plus-studio/home,4.9,86,False,"['Yoga studio', 'Meditation center', 'Youth care service']",ChIJq6oz80rrDzkRqBisVJxdI5A,30.6522201,76.8181925,74,primary_cat
"Pro Ultimate Gyms - Ambala Road, Zirakpur",Gym,"Zirakpur, Gazipur",140603,Punjab,"Third Floor, SCO 1-2-3, Ambala - Chandigarh Rd, opposite Cosmo Mall, Friends Enclave, Zirakpur, Gazipur, Punjab 140603, India",+91 62398 93009,,4.8,630,False,['Gym'],ChIJ6ZYsNA7rDzkR07dBOsHk8aQ,30.6368582,76.8233478,77,primary_cat
FitFusion dance studio,Dance school,Zirakpur,160104,Punjab,"shop no 127, Vasant Vihar Phase-2, Krishna Enclave, Dhakoli, Zirakpur, Punjab 160104, India",+91 98766 56797,,4.5,40,False,"['Dance school', 'Fitness center']",ChIJkxHVc8GUDzkRxEnwH1a1ZSw,30.652187,76.8409355,57,secondary_cat
JD Dance & Fitness Studio,Dance school,Zirakpur,160104,Punjab,"Sco:- 24 ,FF Floor, Guru Nanak Main Market, Old Ambala Rd, Guru Nanak Enclave, Dhakoli, Zirakpur, Punjab 160104, India",+91 99155 66691,https://sites.google.com/view/jd-dance-fitness-studio?usp=sharing,5,25,False,['Dance school'],ChIJt2QPbniVDzkRcuz5HMCgdqY,30.6529069,76.8450388,111,title_keyword
BMS (BODY MIND SOUL)Goodlife wellness club,Wellness center,"Mohali, Zirakpur",160104,Punjab,"SCO-40, First floor, Guru nanak market, Old Ambala Rd, Dhakoli, Mohali, Zirakpur, Punjab 160104, India",+91 90230 73616,https://famliya.com/blogs/the-best-free-learning-pod-community-platform-for-live-classes-in-2026,5,48,False,"['Wellness center', ""Children's cafe"", 'Fitness center', 'Nutritionist', ""Women's health clinic"", 'Physical fitness program', 'Weight loss service', 'Wellness program', 'Yoga studio']",ChIJL60r0XCVDzkRcvlg6js6gRI,30.6534133,76.8441594,45,primary_cat
URBAN AKHADA HALLOMAJRA,Gym,Chandigarh,160002,Chandigarh,"SCO 1790-1791, TOP FLOOR, Deep Complex, Hallo Majra, Chandigarh, 160002, India",+91 99880 94737,,4.9,28,False,['Gym'],ChIJLXbuw0jtDzkRx74QsbyZlH8,30.6908227,76.7953266,20,primary_cat
The Brutal Fitness,Gym,Chandigarh,160002,Chandigarh,"Dove hotel basement, plot no 233, Hallo Majra, Chandigarh, 160002, India",,,3.7,832,False,"['Gym', 'Hotel']",ChIJq2i0hZfsDzkREfE83lgPq58,30.6887182,76.8003546,254,primary_cat
Muscle Garage,Gym,Chandigarh,160002,Chandigarh,"Shop no 2 basement, near Baba Samadha Mandir, Hallo Majra, Chandigarh, 160002, India",+91 78378 42807,,3,2,False,['Gym'],ChIJn3KLCWPtDzkR6kkZcW-OipU,30.6867029,76.7951389,1,primary_cat
Icon Fitness,Gym,Panchkula,160104,Punjab,"Trishala Rd, Sector 20, Panchkula, Punjab 160104, India",+91 86996 89667,,4.8,61,False,['Gym'],ChIJ_R04b3mVDzkReOfC8hFzp9s,30.6587456,76.8642736,59,primary_cat
BODY PULSE GYM,Fitness center,"Zirakpur, Fatehpur",160104,Punjab,"SCO 15-16, Peer Muchalla Rd, next to SBI bank kaushal gynae main market barrier, Sector 20, Zirakpur, Fatehpur, Punjab 160104, India",+91 98721 96004,,4.3,126,False,"['Fitness center', 'Gym']",ChIJF6tcZI2UDzkR-5BGe6_kS2M,30.6622084,76.8609986,55,primary_cat
Gymaholic wellness studio pkl,Gym,"Zirakpur, Sanauli",160104,Punjab,"Tricity Plaza, SCO 1-6 Addjoing, Trishala Rd, Peer Muchalla, Zirakpur, Sanauli, Punjab 160104, India",+91 98000 03437,,4.9,174,False,"['Gym', 'Hip hop dance class', 'Yoga studio']",ChIJhe-Z2b2VDzkReFqw6ehtXCY,30.6609762,76.8607938,31,primary_cat
Anant Yogalaya Peer Muchalla (Zirakpur),Yoga studio,"Zirakpur, Sanauli",160104,Punjab,"first floor, Metro Town, shopping center, 10-11, Dhakoli, Zirakpur, Sanauli, Punjab 160104, India",,https://www.anantyogalaya.yoga/,5,25,False,['Yoga studio'],ChIJOQN_WK6VDzkRhIGxOu8dTPU,30.6553294,76.8552766,18,primary_cat
PBA (Professionals Badminton Academy),Fitness center,Panchkula,160104,Punjab,"Trishla Road, Peer Muchalla Rd, adjoining Sector 20, Peer Muchalla, Panchkula, Punjab 160104, India",+91 89012 95418,,4.8,80,False,"['Fitness center', 'Badminton club', 'Physical fitness program']",ChIJK5EybpSVDzkRF-uRfNbDA-0,30.6593178,76.8639906,4,primary_cat
Youngrisers Basketball Academy,Fitness center,"Panchkula, Sanauli",160104,Punjab,"Peer Muchalla Rd, Dhakoli, Panchkula, Sanauli, Punjab 160104, India",+91 98883 61018,,4.8,75,False,"['Fitness center', 'Basketball club', 'Sports club']",ChIJX1-QjtyVDzkRDO9LFBkMp9M,30.6557859,76.8552359,50,primary_cat
Yidya yog studio,Yoga studio,"Panchkula, Sanauli",160104,Punjab,"MV46+38M, Peer Muchalla, Panchkula, Sanauli, Punjab 160104, India",,,,,True,['Yoga studio'],ChIJ-QrvAACVDzkRfLAp-LByDCs,30.6552039,76.8608092,0,primary_cat
Bump N’JOY pregnancy fitness centre,Pregnancy care center,Panchkula,160104,Haryana,"BR tower, Sai Market, opposite Cake Palace, Peer Muchalla, Panchkula, Haryana 160104, India",,,4.5,2,False,['Pregnancy care center'],ChIJF45VUm2VDzkRdzdUQ5f3NKU,30.6596973,76.8678192,3,title_keyword
PASSION TAEKWONDO ACADEMY,Fitness center,"Zirakpur, Sanauli",160104,Punjab,"1st FLOOR, SAI MARKET, SCO 6, Peer Muchalla Rd, opposite HDFC BANK, Dhakoli, Zirakpur, Punjab 160104, India",+91 94782 25511,,5,90,False,"['Fitness center', 'Dance school', 'Taekwondo school', 'Gymnastics center', 'Kickboxing school', 'Martial arts school', 'Self defense school', 'Sports association', 'Sports club', 'Yoga retreat center']",ChIJO7KY6mGVDzkRejSN2s7_pCs,30.6603498,76.8623029,171,primary_cat
One Gym Fitness in,Fitness center,Zirakpur,160104,Punjab,"Second Floor, Sco No, 56, Chaura Bazar, Dhakoli, Zirakpur, Punjab 160104, India",,,5,1,True,['Fitness center'],ChIJUwEACcOUDzkR45BHoYw7N_w,30.6501117,76.8452572,0,primary_cat
Mission Fitness,Fitness center,Sanauli,160104,Punjab,"SCO 204, Vanetian Tower, Peer Muchalla, Sanauli, Punjab 160104, India",+91 99888 08821,,4.7,12,False,"['Fitness center', 'Gym']",ChIJh_3JjyGVDzkRhoeynV2sGWs,30.6575536,76.8564725,15,primary_cat
Active lifestyle yoga and wellness club,Yoga studio,"Zirakpur, Sanauli",160104,Punjab,"PLATINUM TOWERS, Peer Muchalla, Zirakpur, Sanauli, Punjab 160104, India",,,,,True,['Yoga studio'],ChIJU36nfgCVDzkRUz04nmIDnCA,30.6604074,76.8609557,1,primary_cat
Be One Fitness,Gym,"Zirakpur, Sanauli",160104,Punjab,"Sco No.8,9, Peer Muchalla Rd, opp. Bollywood heights 2, Dhakoli, Zirakpur, Sanauli, Punjab 160104, India",+91 78376 72535,https://www.instagram.com/be_one_fitness27?igsh=ZjIzMTQzbjlrdXp3,4.8,113,False,['Gym'],ChIJG2jpks6VDzkRkRJN-CkuAzI,30.6564822,76.8557497,55,primary_cat
TNT Gym & Spa,Gym,"Zirakpur, Sanauli",160104,Punjab,"Hill View Enclave, SCF 1-2-3-4, near Peer Muchalla Road, Dhakoli, Zirakpur, Sanauli, Punjab 160104, India",+91 97798 80666,https://tntgyms.com/,4.7,555,False,['Gym'],ChIJ5xh458iVDzkRzPtS7PO8grc,30.6562379,76.8531529,251,primary_cat
OG Fitness Peer Muchalla,Gym,Sanauli,160104,Punjab,"SCO 3-4, 2ND FLOOR ADJ BOLLYWOO HEIGHTS-1 , PEER MUCHALLA DHAKOLI , 268 160104, Peer Muchalla, Punjab 160104, India",+91 97819 98200,,4.7,190,False,['Gym'],ChIJdZOGUACVDzkRPbBYvQsILL0,30.65797,76.8578082,58,primary_cat
Fitness Freak,Personal trainer,Zirakpur,160104,Punjab,"Sco 1,2,3 1st and 2nd Floor, Kishanpura Rd, above HDFC Bank, Peer Muchalla, Zirakpur, Punjab 160104, India",,,4.6,30,False,"['Personal trainer', ""Women's personal trainer""]",ChIJ6-OYtpaVDzkRIbbA-LjA0s4,30.6605044,76.8628266,22,primary_cat
STAR GOLD GYM,Gym,"Daffarpur, Sanauli",160104,Punjab,"SCO # 5-6 first floor, Manku Complex, Kishanpura Rd, opp. Hotel Swan -2, Dhakoli, Daffarpur, Sanauli, Punjab 160104, India",,,4.9,36,True,['Gym'],ChIJixcoPq2VDzkRAMq1piZy4t0,30.6511559,76.8562892,31,primary_cat
Pumping Iron: Retro Gym,Gym,Zirakpur,160104,Punjab,"2nd Floor, SCO-32, Old Ambala Rd, above Titan showroom, near Yes Bank, Dhakoli, Zirakpur, Punjab 160104, India",,,5,9,False,['Gym'],ChIJiYIJ5tuVDzkRtS68eDwjAUQ,30.6516933,76.8438277,31,primary_cat
AS Fitness GYM,Gym,"Gazipur, Zirakpur",160104,Punjab,"Sco-8, Dhakoli, Gazipur, Zirakpur, Punjab 160104, India",+91 90238 16380,https://www.instagram.com/a.sfitness1122?igsh=NHBmYWpxNnFhcHJr,4.9,15,False,['Gym'],ChIJ9a6KCQCVDzkR0PqQr04dBMA,30.6472077,76.8446886,27,primary_cat
Nextiya Fitness Gym Dhakoli,Gym,Zirakpur,160104,Punjab,"JG TYRE PLAZA, Old Ambala Rd, Dhakoli, Zirakpur, Punjab 160104, India",+91 96465 97033,,5,8,False,['Gym'],ChIJOxzNsQyVDzkRdOTt7piGUkQ,30.6537783,76.8443716,1,primary_cat
VEDIC YOGSHALA I Health And Wellness Center,Yoga studio,Sanauli,160104,Punjab,"Dhakoli, Sanauli, Punjab 160104, India",+91 99153 77658,,,,True,['Yoga studio'],ChIJXzstTQCVDzkRXRbU9PvTIvM,30.6572683,76.8536234,0,primary_cat
Royal Dreamz Spa,Spa and health club,Zirakpur,160104,Punjab,"Old Ambala Rd, near HOTEL DREAMZ INN, Dhakoli, Zirakpur, Punjab 160104, India",,,4.5,28,True,['Spa and health club'],ChIJB0T2VSCVDzkRHbmWEXk4QUc,30.6512399,76.8431092,4,primary_cat
Tactical fitness,Gym,"Zirakpur, Sanauli",160104,Punjab,"Third floor, Peer Muchalla Rd, Dhakoli, Zirakpur, Sanauli, Punjab 160104, India",,,5,1,True,['Gym'],ChIJzyBGIACVDzkR3Vy4qN40IVE,30.6555601,76.8552376,1,primary_cat
"Shri balaji Complex,SCO 21-22,Dhakoli,Zirakpur",Gym,Zirakpur,160104,Punjab,"Shri balaji Complex, SCO 21-22, Dhakoli, Zirakpur, Punjab 160104, India",,https://merepanditji.com/,2.6,5,True,['Gym'],ChIJt74qU6yVDzkRBq8TyxLXaNs,30.6520763,76.8436771,1,primary_cat
Fitness Coach Praveen Rana,Personal trainer,"Zirakpur, Sanauli",160104,Punjab,"H block, ROYAL EMPIRE, 201, Peer Muchalla Rd, Dhakoli, Zirakpur, Sanauli, Punjab 160104, India",+91 85915 22456,https://parveenranafitness.com/,5,27,False,['Personal trainer'],ChIJB_YHIxmVDzkRszVdN3W3Yks,30.6532776,76.8589547,0,primary_cat
Bollywood Heights 1 Club & Gym,Building,Sanauli,160104,Punjab,"BOLLYWOOD HEIGHTS-1, Sector 20, Sanauli, Punjab 160104, India",,,,,False,['Building'],ChIJM8suDu2UDzkRsTwPBjgzVJE,30.6580168,76.8585154,0,title_keyword
Instep Gym,Gym,Zirakpur,160104,Punjab,"Plot No.27, Peer Muchalla Rd, near V5 Hotel, Peer Muchalla, Zirakpur, Punjab 160104, India",,,,,True,['Gym'],ChIJNWdPtO2VDzkRVtAqalLZzbA,30.6604772,76.8627837,2,primary_cat
M2 gym Dhakoli,Gym,Zirakpur,140603,Punjab,"GURU NANAK ENCLAVE, sco no 36 A & 37, Old Ambala Rd, near MRF tyre plaza, Wadhawa Nagar, Dhakoli, Zirakpur, Punjab 140603, India",,,5,19,False,['Gym'],ChIJ80XhvDSVDzkRyhz11nIHp2c,30.6533314,76.8445192,51,primary_cat
Next Gen. Fitness gym,Gym,Zirakpur,160104,Punjab,"2nd floor , sco-305 green city, Dhakoli, Zirakpur, Punjab 160104, India",+91 78168 90001,,4,4,False,['Gym'],ChIJx-0OmmeVDzkRrdkbNvCiB2I,30.6649455,76.8435864,18,primary_cat
Revolution fitness,Gym,Zirakpur,160104,Punjab,"Sco.7, Kishanpura Rd, Ms Enclave, Dhakoli, Zirakpur, Punjab 160104, India",,,,,False,['Gym'],ChIJ-bWKsbuVDzkRTzUb5qx7IEg,30.6544362,76.8487518,1,primary_cat
The Sharp Fitness - Gym I Cardio,Gym,"Zirakpur, Bhabat",140603,Punjab,"Shiva Enclave, Zirakpur, Bhabat, Punjab 140603, India",+91 94172 63468,,5,677,False,['Gym'],ChIJC7XEI6TrDzkRRJ9wAQMZQuQ,30.6520707,76.8034512,182,primary_cat
Maxlift gym,Gym,"Bhabat, Zirakpur",140603,Punjab,"Bhabat, Zirakpur, Punjab 140603, India",,,4.9,222,False,['Gym'],ChIJe-xzXADrDzkR905S3mgzOVg,30.6514357,76.8032285,80,primary_cat
Passion fitness club,Fitness center,Zirakpur,140603,Punjab,"1st floor , opp. Mannat enclave , Village Bhabat, Zirakpur, Punjab 140603, India",+91 6284 577 783,,4.9,169,False,['Fitness center'],ChIJSYE7FtXrDzkRGXzBCMrOGEM,30.6545714,76.802669,234,primary_cat
CLUB17 GYM,Gym,Zirakpur,140603,Punjab,"1st floor, Harmony business plaza, Highland Marg, near joshi farm, Zirakpur, Punjab 140603, India",+91 96273 93045,,5,36,False,['Gym'],ChIJUVJqXwPrDzkR7t1j8qyiTiY,30.6508972,76.8023157,24,primary_cat
Lucky Fitness Gym,Gym,"Bhabat, Zirakpur",140603,Punjab,"Highland Marg, opposite Joshi Farm, Bhabat, Zirakpur, Punjab 140603, India",+91 98555 73783,,4.8,297,False,['Gym'],ChIJd8BBy0DrDzkRwewZl4SQaqk,30.6500093,76.8023331,69,primary_cat
Fitness Paradise Gym and Spa,Gym,Zirakpur,140603,Punjab,"near post office, Shivalik Vihar, Utrathiya, Zirakpur, Punjab 140603, India",+91 87278 66666,,3.9,67,False,['Gym'],ChIJXyrgBwbrDzkRUeClsOz_ecw,30.6518306,76.8089333,24,primary_cat
ShapeAThon the fitness club,Gym,Zirakpur,140603,Punjab,"SCO-6-7, Ist and II Floor, Near Maharashtra Bank, Patiala Rd, above Dashmesh Hospital, AKS Colony, Zirakpur, Punjab 140603, India",+91 95928 90031,,4.9,379,False,['Gym'],ChIJK_On6TnrDzkRiWmo9nKYzyQ,30.651068,76.8137501,76,primary_cat
Victory Fitness Gym,Gym,"Bhabat, Zirakpur",140603,Punjab,"2nd Floor, SS Plaza, Near Riverdale Apartments Highland Marg, Nabha, Road, Bhabat, Zirakpur, Punjab 140603, India",+91 75270 43733,https://victoryfitness.co.in/,4.9,39,False,['Gym'],ChIJx2VjWv7rDzkRKw52ZaZTq_Y,30.6464603,76.8007287,16,primary_cat
Knockout Gym,Gym,Zirakpur,140603,Punjab,"Sco 128 1st floor main patiala road near canara bank, Zirakpur, Punjab 140603, India",+91 85828 59970,,4.9,364,False,"['Gym', 'Dance club', 'Fitness center', 'Gymnastics club', 'Health consultant', 'Sports nutrition store']",ChIJh_Z9ALLrDzkRbkKLMsDcY3M,30.6512756,76.8154249,78,primary_cat
Mahadev Fitness Gym,Gym,Zirakpur,140603,Punjab,"Shop No 4 saini tower, Prabhat Rd, Sant Kirpal Nagar, zirakpur, Zirakpur, Punjab 140603, India",+91 75081 77378,,4.6,93,False,"['Gym', 'Dance club', 'Fitness center', 'Health spa']",ChIJ2fuzRm7rDzkRfqwEIfS1xVU,30.6574278,76.8147981,75,primary_cat
The Body Fuel Gym and Fitness Center,Gym,Zirakpur,140603,Punjab,"The Body Fuel Gym Sco 9, Dashmesh Colony Patiala Road (Near Saini Motors and, Patiala Highway, opposite Onyxe Society, Zirakpur, Punjab 140603, India",+91 87290 07525,,4.7,105,False,"['Gym', 'Physical fitness program']",ChIJTyJ4ITrrDzkRg5C5Hu_Jqrk,30.6493754,76.8126857,40,primary_cat
Avyukt Fitness,Gym,Zirakpur,140603,Punjab,"first floor, Zamidara enclave, Scf 308, Utrathiya, Zirakpur, Punjab 140603, India",+91 90411 12364,https://www.fitfaat.com/5038/sports-and-fitness/avyukt-%20fitness,4.9,43,False,['Gym'],ChIJCZ0DGMTrDzkRjUMkg0eStzM,30.654539,76.8092408,44,primary_cat
Fitness Street Gym,Gym,Zirakpur,140603,Punjab,"SCO 3-4 First Floor, Swastik Vihar, Zirakpur, Punjab 140603, India",,,4.7,29,False,['Gym'],ChIJU6UQLs7rDzkRpBb2c0ZDVAY,30.6479676,76.8088215,14,primary_cat
1 & ONLY FITNESS WORLD,Gym,Zirakpur,140603,Punjab,"MR45+FVQ, Gurdev Nagar, Utrathiya, Zirakpur, Punjab 140603, India",,,5,11,True,['Gym'],ChIJycDGRgDrDzkRW1MF283wvEM,30.6562163,76.809745,6,primary_cat
The Hanuman Gym,Gym,"Bhabat, Zirakpur",140603,Punjab,"JRX2+X7V, Highland Marg, Bhabat, Zirakpur, Punjab 140603, India",,,4.5,8,True,['Gym'],ChIJ83sp_oDrDzkRPXB3hm0WT50,30.649978,76.8006605,17,primary_cat
Public gym,Gym,"Zirakpur, Bhabat",140603,Punjab,"MR45+R44, Zirakpur, Bhabat, Punjab 140603, India",,,,,True,['Gym'],ChIJKVoXcgDrDzkRl6gWC8WSt6k,30.6570045,76.8078223,1,primary_cat
CoreX gym,Gym,Zirakpur,140603,Punjab,"Core x gym, Bhabat Rd, near by central bank of india, Utrathiya, Zirakpur, Punjab 140603, India",+91 98170 11626,,5,7,False,['Gym'],ChIJVSYS4KTrDzkRikPHRUMV_-k,30.6561603,76.810065,5,primary_cat
eagle fitness gym,Gym,Zirakpur,140603,Punjab,"sco 9, Lohgarh Rd, Badal Colony, Zirakpur, Punjab 140603, India",,https://eagle-fitness-gym.grexa.site/,5,1,False,['Gym'],ChIJneR7vU3rDzkRRa7u8h3UAIg,30.6468831,76.8140342,4,primary_cat
Muscle Graph Gym,Gym,Bhabat,140603,Punjab,"SCO No. 9, Ramleela Ground, Ravinder Singh Sohi Marg, Godown Area, Baltana, Bhabat, Punjab 140603, India",+91 78892 56254,,5,3,False,"['Gym', 'Weightlifting area']",ChIJ73Gg9v3rDzkRP25RQ80zz-c,30.6625018,76.8129878,1,primary_cat
Pro Ultimate Gyms Patiala Highway Zirakpur,Gym,"Zirakpur, Nabha",140603,Punjab,"Floor 1-2, Highground Market, SCO 02-03, Patiala Rd, Zirakpur, Nabha, Punjab 140603, India",+91 88372 00002,https://proultimategyms.in/,4.8,1010,False,['Gym'],ChIJD8dJUGovEDkREgytCERIyuo,30.6400843,76.8034138,78,primary_cat
Personal Yoga Home Classes Panchkula,Yoga studio,Panchkula,134117,Haryana,"Shop Number 120, Sector 20, Panchkula, Haryana 134117, India",+91 96578 40974,https://personal-yoga-home.grexa.site/,5,3,False,"['Yoga studio', 'Yoga instructor']",ChIJATosgkOVDzkRVX6RBUEyJ6I,30.6639559,76.8574601,13,primary_cat
ANGEL'S YOGA STUDIO,Gym,"Zirakpur, Bhabat",,Punjab,"Shivalik Vihar, Utrathiya, Zirakpur, Bhabat, Punjab 140603, India",,,,,True,['Gym'],ChIJqwMWxDnrDzkRLW6XDmVrvJo,30.6516903,76.8134139,1,primary_cat
Shape n Aesthetics - Skin | Laser | Fitness | Pilates | Physiotherapy| Academy Courses,Skin care clinic,"Zirakpur, Fatehpur",160104,Punjab,"1st & 2nd floor, S.C.O-8, Peer Muchalla, Zirakpur, Fatehpur, Punjab 160104, India",+91 98881 94364,https://shapenaesthetics.com/,4.9,208,False,['Skin care clinic'],ChIJvwWqSfmVDzkRN1wg-wKF-TI,30.6507237,76.854792,506,title_keyword
Health N Wellness,Health consultant,,,,,+91 1762 420 939,http://www.healthnwellness.in/,5,10,False,"['Health consultant', 'Service establishment']",ChIJ9RIBxYeVDzkRYBg-Qqrw-5A,30.658639,76.8243886,1,title_keyword
Gurpreet Fitness Trainer,Personal trainer,Zirakpur,140603,Punjab,"Showroom no 6-7 Shapeathon the fitness club, near punjab & sind bank, Zirakpur, Punjab 140603, India",+91 70094 27256,,4.9,78,False,['Personal trainer'],ChIJcVCGL9rrDzkRWgjLjW_orRM,30.6514972,76.8141579,9,primary_cat
Olive The Wellness Spa,Spa and health club,"Nabha, Zirakpur",140603,Punjab,"Radisson Hotel Chandigarh Zirakpur Patiala Road, Green Enclave Road, Nabha, Zirakpur, Punjab 140603, India",,https://www.olivethewellnessspa.com/,5,3,False,['Spa and health club'],ChIJP7k6twrrDzkRNy4glf4gZyc,30.6379659,76.8019427,2,primary_cat
Panghal Fitness,Gym,"Zirakpur, Nabha",140603,Punjab,"20,21 1st & 2nd Floor, Nabha Complex, SCO No, 22, High Ground Rd, Zirakpur, Punjab 140603, India",+91 91155 52310,,4.9,229,False,['Gym'],ChIJAxZCQZXrDzkRPPGnivqFVho,30.6403116,76.8026423,74,primary_cat
Olive The Wellness Spa,Spa and health club,"Chandigarh, Zirakpur",140603,Punjab,"Park Plaza, National Highway, Chandigarh, Zirakpur, Punjab 140603, India",,https://www.olivethewellnessspa.com/,5,1,False,['Spa and health club'],ChIJ69CZrUbrDzkR-omNHm3jiKs,30.6378838,76.8223176,23,primary_cat
Elevate Wellness Club - Best Gym in Zirakpur,Fitness center,"Zirakpur, Chandigarh",140603,Punjab,"Sco-1, Maya Garden, Ph-3, VIP Rd, Zirakpur, Chandigarh, Punjab 140603, India",+91 85588 25250,https://true-elevate.com/,4.5,344,False,"['Fitness center', 'Boxing club', 'Gym', 'Mental health service', 'Personal trainer', 'Physical fitness program', 'Training center', 'Yoga studio']",ChIJI35Bd3HrDzkRAHMSIDs8r78,30.6319905,76.8106095,58,primary_cat
Cloud 9 Gym,Gym,Zirakpur,140603,Punjab,"MR39+68H, Chowk, Badal Colony, Utrathiya, Zirakpur, Punjab 140603, India",+91 73075 06676,,4.4,70,True,['Gym'],ChIJqf58TwDrDzkRmOgpQK87eug,30.6530662,76.81835,31,primary_cat
SoulSpring Spa Regenta Zirakpur,Spa and health club,Zirakpur,140603,Punjab,"JRX6+9MW, Patiala Rd, Green Enclave, Lohgarh, Zirakpur, Punjab 140603, India",,,3.8,4,True,['Spa and health club'],ChIJs-hfW-PrDzkR4mltCGckd9M,30.6484947,76.8116991,1,primary_cat
Rhythm & Royalty Fitness Centre Zirakpur,Fitness center,"Zirakpur, Nabha",140603,Punjab,"Third Floor, Mohali City Square, SCO 48, Patiala Rd, Zirakpur, Nabha, Punjab 140603, India",+91 77196 29735,https://rhythmroyaltyfitness.com/,5,4,False,"['Fitness center', 'Nail salon', 'Nutritionist', 'Wellness center', 'Yoga studio']",ChIJtQTCDe_rDzkRzrOyQ9LM87E,30.639735,76.8032067,23,primary_cat
Total Fusion Club,Fitness center,"Zirakpur, Nagla",140603,Punjab,"gate no 4, MAYA GARDEN CITY, Opposite, Nagla Rd, Zirakpur, Nagla, Punjab 140603, India",+91 82642 59155,https://tptalfusion.lovable.app/,4.7,50,False,"['Fitness center', 'Banquet hall', 'Gym', 'Restaurant', 'Swimming pool']",ChIJDSCeHDOVDzkRKztJzYcA3ZI,30.6252762,76.828361,11,primary_cat
GYM Thirteen Zirakpur,Fitness center,"Zirakpur, Nabha",140603,Punjab,"City of dreams, SBP, High Ground Rd, near Trishla city, Zirakpur, Nabha, Punjab 140603, India",+91 62399 55013,,4.9,31,False,['Fitness center'],ChIJ8cEmJHfrDzkRMZVspNRMFKM,30.6431333,76.7925832,47,primary_cat
Bodylife Premium Gym & Spa,Fitness center,"Sahibzada Ajit Singh Nagar, Zirakpur",140603,Punjab,"Sco 17 18 19, Patiala Rd, Sahibzada Ajit Singh Nagar, Zirakpur, Punjab 140603, India",+91 62834 40374,https://bodylife-premium-gyms.grexa.site/,4.9,443,False,"['Fitness center', 'Gym', 'Personal trainer', 'Physical fitness program', 'Training center', 'Weight loss service', 'Weightlifting area', ""Women's personal trainer"", 'Yoga studio']",ChIJbfbJ5PfrDzkR3K5TPnb6g30,30.639376,76.8024007,154,primary_cat
Feel The Beat Dance & Fitness Studio,Dance school,Zirakpur,140603,Punjab,"2nd Floor, SCO- 53, Patiala Rd, near Honda Showroom, Shiva Enclave, Utrathiya, Zirakpur, Punjab 140603, India",+91 76962 58727,https://youtube.com/channel/UCMnxO-6mSZeIA1UuuQPn6NA,4.8,44,False,['Dance school'],ChIJeTmwlNTrDzkRHlBnzEnOB1E,30.6482297,76.8102566,84,title_keyword
The Iron Embassy Gym&Spa,Fitness center,"Zirakpur, Nabha",140603,Punjab,"third floor, mohali city sqaure, Sco 6,7,8,9, Zirakpur, Punjab 140603, India",+91 78886 19122,https://www.instagram.com/theironembassy,4.9,48,False,"['Fitness center', 'Gym', 'Spa']",ChIJnwxiyQfrDzkRPZ8MfFdoMjE,30.6392141,76.8026013,33,primary_cat
"Self defense and fitness , martial art center",Martial arts school,"Zirakpur Chandigarh, Zirakpur",140603,Punjab,"sco 53, patiyala road, near Honda show room, punchkula, Zirakpur Chandigarh, Zirakpur, Punjab 140603, India",+91 98882 43637,http://shastrang.com/,4.5,11,False,['Martial arts school'],ChIJ_VEI4jnrDzkRsBSwLEwlk4o,30.6584085,76.8031333,67,title_keyword
Pro Athletic Gyms VIP Road,Fitness center,Zirakpur,140603,Punjab,"Hollywood Plaza, SCO 9-10, VIP Rd, Zirakpur, Punjab 140603, India",+91 98153 22377,,4.8,586,False,"['Fitness center', 'Gym']",ChIJ_V6l-eLrDzkR89K22Jft_88,30.6387183,76.8185872,206,primary_cat
"Dr Vibha Ojas Fitness Clinic & Educational Centre | PCOD, Thyroid & Fat Loss Expert",Fitness center,Panchkula,134117,Punjab,"Sco 16, adj. Sector 20 Road, Sector 21, Peer Muchalla, Panchkula, Punjab 134117, India",+91 94643 23817,http://www.drvibhaojas.in/,4.9,118,False,"['Fitness center', 'Aerobics instructor', 'Ayurvedic clinic', 'Dietitian', 'Nutritionist', 'Weight loss service', 'Yoga studio']",ChIJSX6Qn_-VDzkRjk4Yv48gLz0,30.6700307,76.8609003,164,primary_cat
Prana Yoga (Offline & Online Classes),Yoga studio,Fatehpur,160104,Punjab,"Sco 23 1st floor, next to sparch clinic, Shiv Nagar, Peer Muchalla, Fatehpur, Punjab 160104, India",+91 98728 06481,https://instagram.com/pranayoga__1008?igshid=NGVhN2U2NjQ0Yg%3D%3D&utm_source=qr,5,93,False,"['Yoga studio', 'Meditation center', 'Meditation instructor', 'Yoga instructor', 'Yoga retreat center']",ChIJnyxgf8CVDzkRhj5Al2Y8gPM,30.6671262,76.8648189,91,primary_cat
BODY BALANCE PHYSIOTHERAPY & SPORTS INJURY REHAB CLINIC,Physical fitness program,Panchkula,134117,Haryana,"1354, near Alchemist Hospital Road, Sector 21, Budanpur, Panchkula, Haryana 134117, India",+91 78140 43234,https://bodybalancephysiotherapy.com/physiotherapist-in-panchkula,4.9,44,False,"['Physical fitness program', 'Pain control clinic', 'Pain management physician', 'Physical therapist', 'Physical rehabilitation center', 'Physical therapy clinic', 'Sports massage therapist']",ChIJ_8RQl0CTDzkR4yPxbmsKrWw,30.6754754,76.864293,57,primary_cat
Krishna Global,Fitness center,Zirakpur,140603,Punjab,"Zirakpur Flyover, Utrathiya, Zirakpur, Punjab 140603, India",+91 90561 13356,https://globalkrishna.netlify.app/?utm_source=ig&utm_medium=social&utm_content=link_in_bio&fbclid=PAZXh0bgNhZW0CMTEAc3J0YwZhcHBfaWQPNTY3MDY3MzQzMzUyNDI3AAGnNnMgGGJS7NcDDBlIjhg3i5T5qcdvjU80Az6vDQlXsgQrAkAah_VeUt9-Yb0_aem_02xp5qs6-Ujg6XrU2GGuxQ#gym,1,1,False,['Fitness center'],ChIJJ248AADrDzkR2dn_eNLAwmM,30.6541875,76.8190625,6,primary_cat
Next Level Fitness gym,Gym,Zirakpur,140603,Punjab,"1st floor, Sco No -3-4, VIP Rd, above IndusInd bank, opposite B-Block, Zirakpur, Punjab 140603, India",,,4.9,84,False,['Gym'],ChIJrYtwzxzrDzkRQKAhabeVyFk,30.637906,76.8148521,85,primary_cat
HEALTHY LIFESTYLE CLINIC,Consultant,Panchkula,134109,Haryana,"House No. 1674, Sector 21, Budanpur, Panchkula, Haryana 134109, India",+91 94633 91429,https://www.eka.care/doctor/dr-pratibha-jindal-dietitian-nutritionist-panchkula?utm_source=gmb&utm_medium=website&utm_campaign=032023,4.9,18,False,"['Consultant', 'Counselor', 'Dietitian', 'Health consultant', 'Health counselor', 'Nutritionist', 'Weight loss service', 'Wellness center', 'Wellness program']",ChIJfReJTYSVDzkRoCcKDYmQmBw,30.6743987,76.8613272,2,secondary_cat
ॐ Yoga & Meditation Studio,Wellness center,Zirakpur,140603,Punjab,"Sco 1, Balaji 2, Lohgarh Rd, near Sigma City Chowk, Badal Colony, Lohgarh, Zirakpur, Punjab 140603, India",+91 73474 07875,,5,59,False,['Wellness center'],ChIJ4_oAacfrDzkRjhZac9QhC5U,30.6468225,76.8138812,22,primary_cat
Aastha yoga online classes,Yoga studio,"Chandigarh, Zirakpur",140603,Punjab,"Aastha Apartment, Chandigarh, Zirakpur, Punjab 140603, India",,https://mybusinessinfo.website/Aastha-Yoga-Online-Classes,,,False,"['Yoga studio', 'Health consultant', 'Mediation service', 'Meditation center', 'Meditation instructor', 'Numerologist', 'Yoga instructor']",ChIJJcPjqDPrDzkRmnCUHCNUtWM,30.6496018,76.8001382,10,primary_cat
Dhyaan Yoga Studios highland park,Wellness center,"Zirakpur, Nabha",140603,Punjab,"Sco 4, Highland Park, OASIS GREENS, road, Zirakpur, Nabha, Punjab 140603, India",+91 76579 76055,,5,8,False,['Wellness center'],ChIJW1tIRXzrDzkRYLIgmkjrxVM,30.6445118,76.8017215,20,primary_cat
Sohum Yogkul,Yoga instructor,Zirakpur,140603,Punjab,"VIP Rd, Zirakpur, Punjab 140603, India",+91 93176 28902,https://www.instagram.com/sohum_yogkuul?igsh=MTRqa240NW8ydTRhMA==,5,78,False,['Yoga instructor'],ChIJZWv_34rrDzkR_UnM8f8gH4k,30.6362529,76.813515,56,primary_cat
House Of Transformation Yoga & Fitness,Personal trainer,Zirakpur,140603,Punjab,"VIP Rd, Zirakpur, Punjab 140603, India",+91 86199 48462,,5,19,False,"['Personal trainer', 'Fitness center', 'Meditation instructor', 'Nutritionist', 'Physical fitness program', 'Weight loss service', ""Women's personal trainer"", 'Yoga instructor', 'Yoga retreat center', 'Yoga studio']",ChIJCTl-huOVDzkRSEuAj3aRdIo,30.6396842,76.8167856,40,primary_cat
Yoga & Fitness Classes by Niharika,Fitness center,Zirakpur,140603,Punjab,"1005, 10th Floor, SAVITRY GREENS-1, Zirakpur, Punjab 140603, India",+91 85588 58388,https://www.instagram.com/niharikafitnesscoach/,5,80,True,['Fitness center'],ChIJpcQL1ufrDzkRhuIhfFdqECU,30.6343147,76.8169533,15,primary_cat
Fat to Fit Diet Clinic - Best Yoga & Pilates Studio in Zirakpur,Yoga studio,Zirakpur,140603,Punjab,"Citi Centre, VIP Rd, near Metro Cash N Carry, Zirakpur, Punjab 140603, India",+91 78144 64448,,5,6,False,"['Yoga studio', 'Dietitian', 'Fitness center', 'Mediation service', 'Meditation center', 'Wellness center', 'Pilates studio']",ChIJUevF2gXrDzkRRJwW3qIEvIY,30.641285,76.8195969,3,primary_cat
Be fit with Sahil,Personal trainer,Panchkula,134109,Haryana,"Flat, Sheetal Co-operative Society, Sector 20, Panchkula, Haryana 134109, India",+91 97808 58670,,5,4,False,['Personal trainer'],ChIJNd3bvo-VDzkRJDTSGLWG-dc,30.6646394,76.8609698,13,primary_cat
Gymaholics Wellness Studio,Gym,Zirakpur,140603,Punjab,"Hermitage centralis, VIP Rd, Zirakpur, Punjab 140603, India",+91 99886 46416,,4.7,616,False,['Gym'],ChIJz9n91EXrDzkRz-J_KAiaA88,30.6324228,76.8114291,85,primary_cat
Gymnation Premium,Gym,"Chandigarh, Zirakpur",140603,Punjab,"Floor 7th, Maya garden Magnesia, Block 2, Ambala Highway, Chandigarh, Zirakpur, Punjab 140603, India",+91 97798 00779,,4.5,164,False,['Gym'],ChIJZ92NUNiVDzkRsywciqD6K_c,30.6227192,76.8260173,39,primary_cat
Anytime Fitness,Gym,Zirakpur,140603,Punjab,"First floor, Apple’s Height, VIP Rd, Zirakpur, Punjab 140603, India",+91 98882 11103,https://www.anytimefitness.co.in/gyms/in-1135/zirakpur-punjab-140603/,4.3,180,False,"['Gym', 'Fitness center']",ChIJCcWppGjrDzkRDurUwl0VS3k,30.6375856,76.8135578,72,primary_cat
Modern Akhada,Gym,Zirakpur,140603,Punjab,"Golden Castle, chimneys heights road, adjoining Patiala Road, Zirakpur, Punjab 140603, India",,,5,26,False,['Gym'],ChIJAUb5HtOVDzkRMyylDvg8AOQ,30.6350024,76.7912166,24,primary_cat
Flex Pro Fitness Club Gym,Gym,"Zirakpur, Nagla",140603,Punjab,"Gate number 2, MAYA GARDEN CITY, opposite Nagla Road, Zirakpur, Nagla, Punjab 140603, India",+91 98130 52529,,5,4,False,['Gym'],ChIJsYSlm5TrDzkRZW5pxz1u-mU,30.6274225,76.8272814,9,primary_cat
Caring Hands Happiness Club,Fitness center,Zirakpur,140603,Punjab,"Phase-3, Maya Garden, 3F-601, VIP Rd, Zirakpur, Punjab 140603, India",,,5,19,False,"['Fitness center', 'Weight loss service', 'Wellness center']",ChIJ_dQNE0rrDzkR8-5XV3DRmos,30.6318416,76.8107901,35,primary_cat
Shreem Aura,Wellness center,"Bir Chhat, Zirakpur",140603,Punjab,"Shushma joynest, 102, Bir Chhat, Zirakpur, Punjab 140603, India",+91 76962 01555,https://shreemaura.org/,,,False,['Wellness center'],ChIJCz-gR0zrDzkRZc7oh72WKQw,30.6165705,76.7973048,5,primary_cat
Slims Ville Wellness Club,Wellness center,"Zirakpur, Gazipur",140603,Punjab,"1st floor, Chaura Bazaar 2, SCO - 13, Ambala - Chandigarh Rd, Friends Enclave, Zirakpur, Gazipur, Punjab 140603, India",+91 89681 45264,,5,10,False,['Wellness center'],ChIJGwETnUTrDzkRmBKWJBLdEfc,30.6366881,76.8244858,2,primary_cat
Nritya Kala - Dance and Fitness Studio,Dance school,"Zirakpur, Nagla",140603,Punjab,"Shop No 24, Ground floor, MAYA GARDEN CITY, Nagla Rd, Zirakpur, Nagla, Punjab 140603, India",+91 82199 17450,https://www.instagram.com/nritya_kala_abby?igsh=NnI0ZXowaGNoYWkx,4.9,64,False,['Dance school'],ChIJT3EyoN-VDzkR96RFRIB0_0Q,30.6269783,76.8277713,38,title_keyword
Oxizone Fitness & Spa,Gym,Zirakpur,140603,Punjab,"SCO 303 VIP Central, VIP Rd, Zirakpur, Punjab 140603, India",+91 76961 33777,https://oxizonefitness.com/zirakpur/,4.5,866,False,"['Gym', 'Spa']",ChIJ-9LimjPrDzkR_q41-mi4UzI,30.63658,76.8102751,343,primary_cat
